所在区域,金州区,房屋总价,67,房屋户型,2室1厅1卫,所在楼层,中楼层 (共6层),建筑面积,49O,户型结构,平层,建筑类型,暂无数据,房屋朝向,南,建筑结构,未知结构,装修情况,精装,梯户比例,一梯两户
所在区域,金州区,房屋总价,77.9,房屋户型,2室2厅1卫,所在楼层,中楼层 (共32层),建筑面积,76.97O,户型结构,平层,建筑类型,板楼,房屋朝向,南 西,建筑结构,框架结构,装修情况,精装,梯户比例,两梯六户,供暖方式,集中供暖,配备电梯,有
所在区域,金州区,房屋总价,99.5,房屋户型,2室2厅1卫,所在楼层,中楼层 (共27层),建筑面积,83.85O,户型结构,平层,建筑类型,板楼,房屋朝向,南 北,建筑结构,框架结构,装修情况,毛坯,梯户比例,一梯两户,供暖方式,集中供暖
所在区域,金州区,房屋总价,26.5,房屋户型,1室0厅1卫,所在楼层,中楼层 (共6层),建筑面积,33.69O,户型结构,平层,建筑类型,板楼,房屋朝向,南,建筑结构,混合结构,装修情况,精装,梯户比例,一梯四户,供暖方式,集中供暖
所在区域,金州区,房屋总价,75,房屋户型,2室1厅1卫,所在楼层,低楼层 (共6层),建筑面积,68.72O,户型结构,平层,建筑类型,板楼,房屋朝向,南,建筑结构,钢混结构,装修情况,其他,梯户比例,一梯三户,供暖方式,集中供暖
所在区域,金州区,房屋总价,28.7,房屋户型,1室1厅1卫,所在楼层,低楼层 (共6层),建筑面积,35O,户型结构,平层,建筑类型,板楼,房屋朝向,南,建筑结构,钢混结构,装修情况,简装,梯户比例,一梯三户,供暖方式,集中供暖
所在区域,金州区,房屋总价,52.5,房屋户型,2室1厅1卫,所在楼层,高楼层 (共6层),建筑面积,51O,户型结构,平层,建筑类型,板楼,房屋朝向,南 北,建筑结构,混合结构,装修情况,毛坯,梯户比例,一梯三户,供暖方式,集中供暖
所在区域,金州区,房屋总价,91,房屋户型,2室1厅1卫,所在楼层,中楼层 (共12层),建筑面积,89.13O,户型结构,平层,建筑类型,板楼,房屋朝向,南 北,建筑结构,钢混结构,装修情况,精装,梯户比例,一梯两户,供暖方式,集中供暖,配备电梯,有
所在区域,金州区,房屋总价,136,房屋户型,3室2厅2卫,所在楼层,低楼层 (共23层),建筑面积,122.76O,户型结构,平层,建筑类型,板楼,房屋朝向,北 南,建筑结构,框架结构,装修情况,其他,梯户比例,一梯四户,供暖方式,集中供暖,配备电梯,有
所在区域,金州区,房屋总价,88,房屋户型,3室2厅2卫,所在楼层,低楼层 (共7层),建筑面积,104.6O,户型结构,平层,建筑类型,板楼,房屋朝向,南 北,建筑结构,混合结构,装修情况,其他,梯户比例,一梯三户,供暖方式,集中供暖
所在区域,金州区,房屋总价,59,房屋户型,2室1厅1卫,所在楼层,中楼层 (共7层),建筑面积,66.44O,户型结构,平层,建筑类型,板楼,房屋朝向,南 北,建筑结构,钢混结构,装修情况,精装,梯户比例,一梯三户,供暖方式,集中供暖
所在区域,金州区,房屋总价,133,房屋户型,3室2厅1卫,所在楼层,中楼层 (共7层),建筑面积,100.69O,户型结构,平层,建筑类型,板楼,房屋朝向,南 北,建筑结构,钢混结构,装修情况,其他,梯户比例,一梯两户,供暖方式,集中供暖
所在区域,金州区,房屋总价,118.5,房屋户型,3室2厅1卫,所在楼层,中楼层 (共20层),建筑面积,106.65O,户型结构,平层,建筑类型,板楼,房屋朝向,南 北,建筑结构,框架结构,装修情况,精装,梯户比例,两梯六户,供暖方式,集中供暖,配备电梯,有
所在区域,金州区,房屋总价,39,房屋户型,2室1厅1卫,所在楼层,中楼层 (共28层),建筑面积,59.92O,户型结构,平层,建筑类型,塔楼,房屋朝向,北,建筑结构,钢混结构,装修情况,精装,梯户比例,五梯二十三户,供暖方式,集中供暖,配备电梯,有
所在区域,金州区,房屋总价,54,房屋户型,2室1厅1卫,所在楼层,中楼层 (共6层),建筑面积,65O,户型结构,平层,建筑类型,板楼,房屋朝向,南,建筑结构,钢混结构,装修情况,简装,梯户比例,一梯三户,供暖方式,集中供暖
所在区域,金州区,房屋总价,72,房屋户型,2室1厅1卫,所在楼层,中楼层 (共6层),建筑面积,63.41O,户型结构,平层,建筑类型,板楼,房屋朝向,南,建筑结构,钢混结构,装修情况,简装,梯户比例,一梯三户,供暖方式,集中供暖
所在区域,金州区,房屋总价,71,房屋户型,2室1厅1卫,所在楼层,中楼层 (共6层),建筑面积,56O,户型结构,平层,套内面积,56O,建筑类型,板楼,房屋朝向,南,建筑结构,钢混结构,装修情况,其他,梯户比例,一梯三户,供暖方式,集中供暖
所在区域,金州区,房屋总价,82,房屋户型,2室2厅1卫,所在楼层,低楼层 (共28层),建筑面积,87.43O,户型结构,平层,建筑类型,板楼,房屋朝向,南 北,建筑结构,钢混结构,装修情况,精装,梯户比例,两梯四户,供暖方式,集中供暖,配备电梯,有
所在区域,金州区,房屋总价,112,房屋户型,3室1厅1卫,所在楼层,高楼层 (共32层),建筑面积,83.06O,户型结构,平层,建筑类型,板楼,房屋朝向,南 北,建筑结构,框架结构,装修情况,精装,梯户比例,两梯四户,供暖方式,集中供暖,配备电梯,有
所在区域,金州区,房屋总价,87,房屋户型,2室1厅1卫,所在楼层,高楼层 (共18层),建筑面积,79.36O,户型结构,平层,建筑类型,板楼,房屋朝向,南,建筑结构,钢混结构,装修情况,精装,梯户比例,两梯五户,供暖方式,集中供暖,配备电梯,有
所在区域,金州区,房屋总价,95,房屋户型,2室2厅1卫,所在楼层,低楼层 (共18层),建筑面积,84.51O,户型结构,平层,建筑类型,板楼,房屋朝向,南 北,建筑结构,框架结构,装修情况,简装,梯户比例,两梯四户,供暖方式,集中供暖,配备电梯,有
所在区域,金州区,房屋总价,39.8,房屋户型,1室1厅1卫,所在楼层,中楼层 (共24层),建筑面积,49.39O,户型结构,平层,建筑类型,塔楼,房屋朝向,西北,建筑结构,钢混结构,装修情况,精装,梯户比例,两梯二十七户,供暖方式,集中供暖,配备电梯,有
所在区域,金州区,房屋总价,53,房屋户型,1室1厅1卫,所在楼层,高楼层 (共18层),建筑面积,52.41O,户型结构,平层,建筑类型,板楼,房屋朝向,南,建筑结构,钢混结构,装修情况,简装,梯户比例,两梯四户,供暖方式,集中供暖,配备电梯,有
所在区域,金州区,房屋总价,120,房屋户型,2室2厅1卫,所在楼层,低楼层 (共30层),建筑面积,121.29O,户型结构,平层,建筑类型,板楼,房屋朝向,南 北,建筑结构,框架结构,装修情况,精装,梯户比例,两梯四户,供暖方式,集中供暖,配备电梯,有
所在区域,金州区,房屋总价,62,房屋户型,2室1厅1卫,所在楼层,高楼层 (共8层),建筑面积,73.57O,户型结构,平层,建筑类型,板楼,房屋朝向,南 北,建筑结构,钢混结构,装修情况,其他,梯户比例,一梯四户,供暖方式,集中供暖
所在区域,金州区,房屋总价,82,房屋户型,2室1厅1卫,所在楼层,中楼层 (共12层),建筑面积,89.13O,户型结构,平层,建筑类型,板楼,房屋朝向,南 北,建筑结构,钢混结构,装修情况,毛坯,梯户比例,一梯两户,供暖方式,集中供暖,配备电梯,有
所在区域,金州区,房屋总价,52,房屋户型,2室2厅1卫,所在楼层,低楼层 (共6层),建筑面积,64O,户型结构,平层,建筑类型,板楼,房屋朝向,南 北,建筑结构,钢混结构,装修情况,其他,梯户比例,一梯三户,供暖方式,集中供暖
所在区域,金州区,房屋总价,58.8,房屋户型,2室1厅1卫,所在楼层,高楼层 (共28层),建筑面积,72.69O,户型结构,平层,建筑类型,板楼,房屋朝向,西南,建筑结构,钢混结构,装修情况,其他,梯户比例,两梯十二户,供暖方式,集中供暖,配备电梯,有
所在区域,金州区,房屋总价,189,房屋户型,3室2厅2卫,所在楼层,低楼层 (共9层),建筑面积,125O,户型结构,平层,建筑类型,板楼,房屋朝向,南 北,建筑结构,钢混结构,装修情况,精装,梯户比例,一梯两户,供暖方式,集中供暖
所在区域,金州区,房屋总价,45,房屋户型,2室1厅1卫,所在楼层,高楼层 (共7层),建筑面积,62.81O,户型结构,平层,建筑类型,板塔结合,房屋朝向,南 北,建筑结构,混合结构,装修情况,简装,梯户比例,一梯三户,供暖方式,集中供暖
所在区域,金州区,房屋总价,120,房屋户型,3室1厅1卫,所在楼层,低楼层 (共34层),建筑面积,92.87O,户型结构,平层,建筑类型,板楼,房屋朝向,南 北,建筑结构,钢混结构,装修情况,精装,梯户比例,两梯四户,供暖方式,集中供暖,配备电梯,有
所在区域,金州区,房屋总价,44,房屋户型,2室1厅1卫,所在楼层,高楼层 (共6层),建筑面积,54O,户型结构,平层,建筑类型,板楼,房屋朝向,南,建筑结构,钢混结构,装修情况,简装,梯户比例,一梯三户
所在区域,金州区,房屋总价,78,房屋户型,2室1厅1卫,所在楼层,低楼层 (共27层),建筑面积,67.75O,户型结构,平层,建筑类型,板楼,房屋朝向,南,建筑结构,钢混结构,装修情况,简装,梯户比例,一梯四户,供暖方式,集中供暖,配备电梯,有
所在区域,金州区,房屋总价,45,房屋户型,2室1厅1卫,所在楼层,高楼层 (共6层),建筑面积,53.7O,户型结构,平层,建筑类型,板楼,房屋朝向,南,建筑结构,砖混结构,装修情况,精装,梯户比例,一梯三户,供暖方式,集中供暖
所在区域,金州区,房屋总价,98,房屋户型,2室1厅1卫,所在楼层,低楼层 (共28层),建筑面积,89.56O,户型结构,平层,套内面积,89O,建筑类型,板楼,房屋朝向,南 北,建筑结构,钢混结构,装修情况,精装,梯户比例,两梯六户,供暖方式,集中供暖,配备电梯,有
所在区域,金州区,房屋总价,85,房屋户型,2室1厅1卫,所在楼层,中楼层 (共19层),建筑面积,80.3O,户型结构,平层,套内面积,80O,建筑类型,板楼,房屋朝向,南 北,建筑结构,钢混结构,装修情况,简装,梯户比例,两梯两户,供暖方式,集中供暖,配备电梯,有
所在区域,金州区,房屋总价,105,房屋户型,3室1厅1卫,所在楼层,高楼层 (共18层),建筑面积,99.85O,户型结构,平层,建筑类型,板楼,房屋朝向,南 北,建筑结构,钢混结构,装修情况,简装,梯户比例,一梯两户,供暖方式,集中供暖,配备电梯,有
所在区域,金州区,房屋总价,51.5,房屋户型,2室1厅1卫,所在楼层,高楼层 (共6层),建筑面积,57O,户型结构,平层,建筑类型,板楼,房屋朝向,南 北,建筑结构,钢混结构,装修情况,简装,梯户比例,一梯三户,供暖方式,集中供暖
所在区域,金州区,房屋总价,55,房屋户型,2室1厅1卫,所在楼层,中楼层 (共6层),建筑面积,60.59O,户型结构,平层,建筑类型,板楼,房屋朝向,南 北,建筑结构,砖混结构,装修情况,其他,梯户比例,一梯三户,供暖方式,集中供暖
所在区域,金州区,房屋总价,51.8,房屋户型,2室1厅1卫,所在楼层,低楼层 (共18层),建筑面积,53.5O,户型结构,平层,建筑类型,板楼,房屋朝向,南,建筑结构,框架结构,装修情况,精装,梯户比例,一梯四户,供暖方式,集中供暖,配备电梯,有
所在区域,金州区,房屋总价,71,房屋户型,2室1厅1卫,所在楼层,低楼层 (共33层),建筑面积,60.98O,户型结构,平层,套内面积,58O,建筑类型,板楼,房屋朝向,南,建筑结构,框架结构,装修情况,精装,梯户比例,两梯六户,供暖方式,集中供暖,配备电梯,有
所在区域,金州区,房屋总价,26,房屋户型,1室1厅1卫,所在楼层,中楼层 (共30层),建筑面积,37.39O,户型结构,平层,建筑类型,板楼,房屋朝向,北,建筑结构,钢混结构,装修情况,简装,梯户比例,两梯五户,供暖方式,集中供暖,配备电梯,有
所在区域,金州区,房屋总价,38,房屋户型,1室1厅1卫,所在楼层,高楼层 (共6层),建筑面积,44.32O,户型结构,平层,建筑类型,板楼,房屋朝向,南,建筑结构,钢混结构,装修情况,简装,梯户比例,一梯四户,供暖方式,集中供暖
所在区域,金州区,房屋总价,63,房屋户型,2室1厅1卫,所在楼层,中楼层 (共6层),建筑面积,74.75O,户型结构,平层,建筑类型,板楼,房屋朝向,南 北,建筑结构,钢混结构,装修情况,简装,梯户比例,一梯三户,供暖方式,集中供暖
所在区域,金州区,房屋总价,49,房屋户型,3室1厅1卫,所在楼层,高楼层 (共6层),建筑面积,74O,户型结构,平层,建筑类型,板楼,房屋朝向,南 北,建筑结构,钢混结构,装修情况,简装,梯户比例,一梯三户,供暖方式,集中供暖
所在区域,金州区,房屋总价,82,房屋户型,2室1厅1卫,所在楼层,中楼层 (共7层),建筑面积,58O,户型结构,平层,建筑类型,板楼,房屋朝向,南,建筑结构,钢混结构,装修情况,简装,梯户比例,一梯三户,供暖方式,集中供暖,配备电梯,有
所在区域,金州区,房屋总价,110,房屋户型,4室2厅2卫,所在楼层,低楼层 (共12层),建筑面积,126.74O,户型结构,暂无数据,建筑类型,板楼,房屋朝向,南 北,建筑结构,钢混结构,装修情况,其他,梯户比例,两梯四户,供暖方式,集中供暖,配备电梯,有
所在区域,金州区,房屋总价,126,房屋户型,3室2厅1卫,所在楼层,低楼层 (共6层),建筑面积,126.87O,户型结构,平层,建筑类型,板楼,房屋朝向,南 北,建筑结构,钢混结构,装修情况,其他,梯户比例,一梯两户,供暖方式,集中供暖
所在区域,金州区,房屋总价,90,房屋户型,3室1厅1卫,所在楼层,低楼层 (共20层),建筑面积,94.92O,户型结构,平层,建筑类型,板楼,房屋朝向,南 北,建筑结构,钢混结构,装修情况,简装,梯户比例,两梯六户,供暖方式,集中供暖,配备电梯,有
所在区域,金州区,房屋总价,55,房屋户型,1室1厅1卫,所在楼层,高楼层 (共8层),建筑面积,47.5O,户型结构,平层,建筑类型,板楼,房屋朝向,南 北,建筑结构,混合结构,装修情况,简装,梯户比例,一梯三户,供暖方式,集中供暖
所在区域,金州区,房屋总价,87.5,房屋户型,3室2厅1卫,所在楼层,中楼层 (共28层),建筑面积,92.36O,户型结构,平层,建筑类型,板楼,房屋朝向,南 北,建筑结构,钢混结构,装修情况,简装,梯户比例,两梯八户,供暖方式,集中供暖,配备电梯,有
所在区域,金州区,房屋总价,62,房屋户型,2室1厅1卫,所在楼层,中楼层 (共10层),建筑面积,86.95O,户型结构,平层,建筑类型,板楼,房屋朝向,南 北,建筑结构,框架结构,装修情况,毛坯,梯户比例,两梯两户,供暖方式,集中供暖,配备电梯,有
所在区域,金州区,房屋总价,39.5,房屋户型,3室1厅1卫,所在楼层,高楼层 (共7层),建筑面积,43.71O,户型结构,平层,建筑类型,塔楼,房屋朝向,南 北,建筑结构,框架结构,装修情况,精装,梯户比例,一梯两户,供暖方式,集中供暖
所在区域,金州区,房屋总价,147,房屋户型,2室2厅1卫,所在楼层,中楼层 (共28层),建筑面积,100.5O,户型结构,平层,建筑类型,板楼,房屋朝向,南 北,建筑结构,钢混结构,装修情况,精装,梯户比例,两梯五户,供暖方式,集中供暖,配备电梯,有
所在区域,金州区,房屋总价,65,房屋户型,2室1厅1卫,所在楼层,中楼层 (共7层),建筑面积,71.72O,户型结构,平层,建筑类型,板楼,房屋朝向,南 北,建筑结构,钢混结构,装修情况,简装,梯户比例,一梯四户,供暖方式,集中供暖
所在区域,金州区,房屋总价,58,房屋户型,2室1厅1卫,所在楼层,中楼层 (共8层),建筑面积,55.96O,户型结构,平层,建筑类型,板楼,房屋朝向,南 北,建筑结构,钢混结构,装修情况,简装,梯户比例,一梯三户,供暖方式,集中供暖
所在区域,金州区,房屋总价,77.5,房屋户型,2室1厅1卫,所在楼层,中楼层 (共7层),建筑面积,69.5O,户型结构,平层,建筑类型,板楼,房屋朝向,南 北,建筑结构,混合结构,装修情况,精装,梯户比例,一梯三户,供暖方式,集中供暖
所在区域,金州区,房屋总价,41,房屋户型,1室0厅1卫,所在楼层,中楼层 (共22层),建筑面积,46.3O,户型结构,平层,建筑类型,板楼,房屋朝向,南,建筑结构,钢混结构,装修情况,简装,梯户比例,两梯三户,供暖方式,集中供暖,配备电梯,有
所在区域,金州区,房屋总价,94,房屋户型,2室2厅1卫,所在楼层,中楼层 (共23层),建筑面积,96.67O,户型结构,平层,建筑类型,板楼,房屋朝向,南,建筑结构,钢混结构,装修情况,简装,梯户比例,两梯四户,供暖方式,集中供暖,配备电梯,有
所在区域,金州区,房屋总价,70,房屋户型,2室1厅1卫,所在楼层,高楼层 (共17层),建筑面积,77.61O,户型结构,平层,建筑类型,板楼,房屋朝向,南 北,建筑结构,框架结构,装修情况,简装,梯户比例,一梯三户,供暖方式,集中供暖,配备电梯,有
所在区域,金州区,房屋总价,65,房屋户型,2室1厅1卫,所在楼层,中楼层 (共6层),建筑面积,61.86O,户型结构,平层,建筑类型,板楼,房屋朝向,南,建筑结构,钢混结构,装修情况,简装,梯户比例,一梯三户,供暖方式,集中供暖
所在区域,金州区,房屋总价,77.5,房屋户型,2室1厅1卫,所在楼层,高楼层 (共6层),建筑面积,58.52O,户型结构,平层,建筑类型,板楼,房屋朝向,南,建筑结构,混合结构,装修情况,简装,梯户比例,三梯三户,配备电梯,有
所在区域,金州区,房屋总价,130,房屋户型,2室1厅1卫,所在楼层,低楼层 (共22层),建筑面积,98.09O,户型结构,平层,套内面积,98.09O,建筑类型,板楼,房屋朝向,南 北,建筑结构,钢混结构,装修情况,简装,梯户比例,两梯十七户,供暖方式,集中供暖,配备电梯,有
所在区域,金州区,房屋总价,60,房屋户型,2室1厅1卫,所在楼层,中楼层 (共8层),建筑面积,57.9O,户型结构,平层,套内面积,50O,建筑类型,板楼,房屋朝向,南 北,建筑结构,钢混结构,装修情况,其他,梯户比例,一梯四户,供暖方式,集中供暖
所在区域,金州区,房屋总价,39,房屋户型,1室1厅1卫,所在楼层,高楼层 (共18层),建筑面积,39.03O,户型结构,平层,建筑类型,暂无数据,房屋朝向,南,建筑结构,钢混结构,装修情况,精装,梯户比例,一梯四户,供暖方式,集中供暖
所在区域,金州区,房屋总价,75,房屋户型,1室1厅1卫,所在楼层,中楼层 (共32层),建筑面积,61.83O,户型结构,平层,建筑类型,板楼,房屋朝向,东,建筑结构,钢混结构,装修情况,其他,梯户比例,四梯十五户,供暖方式,集中供暖,配备电梯,有
所在区域,金州区,房屋总价,101,房屋户型,3室2厅1卫,所在楼层,低楼层 (共6层),建筑面积,123.62O,户型结构,平层,建筑类型,板楼,房屋朝向,南 北,建筑结构,未知结构,装修情况,简装,梯户比例,三梯两户,供暖方式,集中供暖,配备电梯,有
所在区域,金州区,房屋总价,52,房屋户型,1室1厅1卫,所在楼层,低楼层 (共32层),建筑面积,44.82O,户型结构,平层,建筑类型,板楼,房屋朝向,北,建筑结构,钢混结构,装修情况,简装,梯户比例,三梯十一户,供暖方式,集中供暖,配备电梯,有
所在区域,金州区,房屋总价,95.2,房屋户型,2室1厅1卫,所在楼层,中楼层 (共6层),建筑面积,92.5O,户型结构,平层,套内面积,92O,建筑类型,板楼,房屋朝向,南 北,建筑结构,钢混结构,装修情况,精装,梯户比例,一梯三户,供暖方式,集中供暖
所在区域,金州区,房屋总价,60,房屋户型,2室1厅1卫,所在楼层,中楼层 (共6层),建筑面积,58.92O,户型结构,平层,建筑类型,板楼,房屋朝向,南 北,建筑结构,钢混结构,装修情况,简装,梯户比例,一梯三户,供暖方式,集中供暖
所在区域,金州区,房屋总价,85,房屋户型,2室2厅1卫,所在楼层,中楼层 (共18层),建筑面积,85.31O,户型结构,平层,建筑类型,暂无数据,房屋朝向,南 北,建筑结构,钢混结构,装修情况,毛坯,梯户比例,一梯两户
所在区域,金州区,房屋总价,18.8,房屋户型,1室0厅1卫,所在楼层,高楼层 (共18层),建筑面积,28.08O,户型结构,平层,建筑类型,板楼,房屋朝向,东,建筑结构,框架结构,装修情况,简装,梯户比例,两梯十户,供暖方式,集中供暖,配备电梯,有
所在区域,金州区,房屋总价,36,房屋户型,1室1厅1卫,所在楼层,中楼层 (共5层),建筑面积,44.58O,户型结构,平层,建筑类型,板楼,房屋朝向,南,建筑结构,框架结构,装修情况,简装,梯户比例,一梯四户,供暖方式,集中供暖
所在区域,金州区,房屋总价,41.9,房屋户型,1室1厅1卫,所在楼层,中楼层 (共6层),建筑面积,42.85O,户型结构,平层,建筑类型,板楼,房屋朝向,南,建筑结构,钢混结构,装修情况,简装,梯户比例,一梯三户,供暖方式,集中供暖
所在区域,金州区,房屋总价,50,房屋户型,1室2厅1卫,所在楼层,中楼层 (共29层),建筑面积,61.3O,户型结构,平层,建筑类型,板楼,房屋朝向,南,建筑结构,钢混结构,装修情况,其他,梯户比例,两梯四户,供暖方式,集中供暖,配备电梯,有
所在区域,金州区,房屋总价,97,房屋户型,2室1厅1卫,所在楼层,中楼层 (共28层),建筑面积,63.56O,户型结构,平层,建筑类型,板楼,房屋朝向,西北,建筑结构,钢混结构,装修情况,简装,梯户比例,两梯六户,供暖方式,集中供暖,配备电梯,有
所在区域,金州区,房屋总价,50.2,房屋户型,1室1厅1卫,所在楼层,低楼层 (共29层),建筑面积,68.28O,户型结构,平层,建筑类型,板楼,房屋朝向,南,建筑结构,钢混结构,装修情况,精装,梯户比例,两梯三户,供暖方式,集中供暖,配备电梯,有
所在区域,金州区,房屋总价,110,房屋户型,3室1厅1卫,所在楼层,高楼层 (共29层),建筑面积,70.14O,户型结构,平层,建筑类型,板楼,房屋朝向,南 北,建筑结构,钢混结构,装修情况,精装,梯户比例,两梯三户,供暖方式,集中供暖,配备电梯,有
所在区域,金州区,房屋总价,69,房屋户型,2室1厅1卫,所在楼层,中楼层 (共7层),建筑面积,68O,户型结构,平层,建筑类型,板楼,房屋朝向,南 北,建筑结构,混合结构,装修情况,其他,梯户比例,一梯三户,供暖方式,集中供暖
所在区域,金州区,房屋总价,62,房屋户型,2室1厅1卫,所在楼层,中楼层 (共6层),建筑面积,57.79O,户型结构,平层,建筑类型,板楼,房屋朝向,南 北,建筑结构,钢混结构,装修情况,精装,梯户比例,一梯三户,供暖方式,集中供暖
所在区域,金州区,房屋总价,68,房屋户型,2室1厅1卫,所在楼层,中楼层 (共4层),建筑面积,74.16O,户型结构,平层,建筑类型,板塔结合,房屋朝向,南 北,建筑结构,混合结构,装修情况,简装,梯户比例,一梯一户
所在区域,金州区,房屋总价,58,房屋户型,2室1厅1卫,所在楼层,低楼层 (共6层),建筑面积,65O,户型结构,平层,建筑类型,板塔结合,房屋朝向,南 北,建筑结构,混合结构,装修情况,简装,梯户比例,一梯三户,供暖方式,集中供暖
所在区域,金州区,房屋总价,120,房屋户型,3室2厅1卫,所在楼层,高楼层 (共22层),建筑面积,126.94O,户型结构,平层,套内面积,110.39O,建筑类型,板楼,房屋朝向,南 北,建筑结构,框架结构,装修情况,精装,梯户比例,两梯四户,供暖方式,集中供暖,配备电梯,有
所在区域,金州区,房屋总价,42.5,房屋户型,2室1厅1卫,所在楼层,中楼层 (共6层),建筑面积,43.45O,户型结构,平层,建筑类型,板楼,房屋朝向,南 北,建筑结构,钢混结构,装修情况,精装,梯户比例,一梯三户,供暖方式,集中供暖
所在区域,金州区,房屋总价,34,房屋户型,1室1厅1卫,所在楼层,高楼层 (共6层),建筑面积,39.43O,户型结构,平层,建筑类型,板楼,房屋朝向,南,建筑结构,钢混结构,装修情况,简装,梯户比例,一梯四户,供暖方式,集中供暖
所在区域,金州区,房屋总价,72.5,房屋户型,2室1厅1卫,所在楼层,中楼层 (共32层),建筑面积,75.39O,户型结构,平层,建筑类型,板楼,房屋朝向,南,建筑结构,钢混结构,装修情况,精装,梯户比例,两梯六户,供暖方式,集中供暖,配备电梯,有
所在区域,金州区,房屋总价,68,房屋户型,2室1厅1卫,所在楼层,低楼层 (共6层),建筑面积,78.85O,户型结构,平层,套内面积,78O,建筑类型,板楼,房屋朝向,南 北,建筑结构,框架结构,装修情况,简装,梯户比例,一梯两户,供暖方式,集中供暖
所在区域,金州区,房屋总价,51,房屋户型,2室1厅1卫,所在楼层,中楼层 (共6层),建筑面积,58.87O,户型结构,平层,建筑类型,板楼,房屋朝向,南,建筑结构,砖混结构,装修情况,简装,梯户比例,一梯一户,供暖方式,集中供暖,配备电梯,有
所在区域,金州区,房屋总价,78,房屋户型,2室2厅1卫,所在楼层,中楼层 (共7层),建筑面积,83.03O,户型结构,平层,建筑类型,板楼,房屋朝向,南 北,建筑结构,钢混结构,装修情况,精装,梯户比例,一梯四户,供暖方式,集中供暖,配备电梯,有
所在区域,金州区,房屋总价,108,房屋户型,3室2厅1卫,所在楼层,低楼层 (共32层),建筑面积,101.31O,户型结构,平层,建筑类型,板楼,房屋朝向,东南,建筑结构,钢混结构,装修情况,其他,梯户比例,两梯三户,供暖方式,集中供暖,配备电梯,有
所在区域,金州区,房屋总价,83,房屋户型,2室2厅1卫,所在楼层,低楼层 (共18层),建筑面积,89.94O,户型结构,平层,建筑类型,板楼,房屋朝向,南 北,建筑结构,框架结构,装修情况,精装,梯户比例,十五梯四户,供暖方式,集中供暖,配备电梯,有
所在区域,金州区,房屋总价,41,房屋户型,2室1厅1卫,所在楼层,高楼层 (共19层),建筑面积,41.96O,户型结构,平层,建筑类型,板楼,房屋朝向,南 北,建筑结构,钢混结构,装修情况,简装,梯户比例,一梯三户,供暖方式,集中供暖,配备电梯,有
所在区域,金州区,房屋总价,41.5,房屋户型,2室1厅1卫,所在楼层,中楼层 (共5层),建筑面积,51.16O,户型结构,平层,建筑类型,板楼,房屋朝向,南 北,建筑结构,钢混结构,装修情况,简装,梯户比例,一梯三户,供暖方式,集中供暖
所在区域,金州区,房屋总价,42,房屋户型,2室1厅1卫,所在楼层,高楼层 (共6层),建筑面积,55O,户型结构,平层,建筑类型,板楼,房屋朝向,南 北,建筑结构,砖混结构,装修情况,精装,梯户比例,一梯三户,供暖方式,集中供暖
所在区域,金州区,房屋总价,97,房屋户型,2室1厅1卫,所在楼层,高楼层 (共18层),建筑面积,107.54O,户型结构,平层,建筑类型,板楼,房屋朝向,南 北,建筑结构,钢混结构,装修情况,精装,梯户比例,一梯三户,供暖方式,集中供暖,配备电梯,有
所在区域,金州区,房屋总价,99.7,房屋户型,2室2厅1卫,所在楼层,高楼层 (共10层),建筑面积,82.8O,户型结构,平层,建筑类型,板塔结合,房屋朝向,南 北,建筑结构,钢混结构,装修情况,精装,梯户比例,一梯两户,供暖方式,集中供暖,配备电梯,有
所在区域,金州区,房屋总价,98,房屋户型,3室1厅1卫,所在楼层,中楼层 (共19层),建筑面积,114.8O,户型结构,平层,建筑类型,板楼,房屋朝向,南 北,建筑结构,钢混结构,装修情况,其他,梯户比例,一梯四户,供暖方式,集中供暖,配备电梯,有
所在区域,金州区,房屋总价,61.8,房屋户型,2室1厅1卫,所在楼层,高楼层 (共5层),建筑面积,70O,户型结构,平层,建筑类型,板楼,房屋朝向,南 北,建筑结构,钢混结构,装修情况,精装,梯户比例,一梯三户,供暖方式,集中供暖
所在区域,金州区,房屋总价,32,房屋户型,1室1厅1卫,所在楼层,中楼层 (共6层),建筑面积,38.5O,户型结构,平层,建筑类型,板楼,房屋朝向,南,建筑结构,砖混结构,装修情况,其他,梯户比例,一梯三户,供暖方式,集中供暖
所在区域,金州区,房屋总价,50,房屋户型,2室1厅1卫,所在楼层,高楼层 (共6层),建筑面积,65.25O,户型结构,平层,建筑类型,板楼,房屋朝向,南 北,建筑结构,框架结构,装修情况,精装,梯户比例,一梯三户,供暖方式,集中供暖
所在区域,金州区,房屋总价,55,房屋户型,2室1厅1卫,所在楼层,高楼层 (共7层),建筑面积,67O,户型结构,平层,建筑类型,板楼,房屋朝向,南 北,建筑结构,混合结构,装修情况,其他,梯户比例,一梯三户,供暖方式,集中供暖
所在区域,金州区,房屋总价,53.8,房屋户型,2室1厅1卫,所在楼层,低楼层 (共18层),建筑面积,54.36O,户型结构,平层,建筑类型,塔楼,房屋朝向,南,建筑结构,钢混结构,装修情况,其他,梯户比例,一梯四户,供暖方式,集中供暖,配备电梯,有
所在区域,金州区,房屋总价,48,房屋户型,1室1厅1卫,所在楼层,低楼层 (共28层),建筑面积,51.34O,户型结构,平层,建筑类型,板楼,房屋朝向,西,建筑结构,钢混结构,装修情况,简装,梯户比例,三梯十户,供暖方式,集中供暖,配备电梯,有
所在区域,金州区,房屋总价,57,房屋户型,2室1厅1卫,所在楼层,高楼层 (共7层),建筑面积,66.46O,户型结构,平层,套内面积,50.1O,建筑类型,板楼,房屋朝向,南 北,建筑结构,砖混结构,装修情况,简装,梯户比例,一梯两户,供暖方式,集中供暖
所在区域,金州区,房屋总价,78,房屋户型,2室1厅1卫,所在楼层,高楼层 (共7层),建筑面积,78.68O,户型结构,平层,建筑类型,板塔结合,房屋朝向,南 北,建筑结构,框架结构,装修情况,毛坯,梯户比例,一梯两户,供暖方式,集中供暖
所在区域,金州区,房屋总价,78.2,房屋户型,2室1厅1卫,所在楼层,低楼层 (共29层),建筑面积,91.26O,户型结构,平层,建筑类型,板楼,房屋朝向,南 北,建筑结构,钢混结构,装修情况,其他,梯户比例,两梯三户,供暖方式,集中供暖,配备电梯,有
所在区域,金州区,房屋总价,99.8,房屋户型,3室2厅1卫,所在楼层,低楼层 (共12层),建筑面积,101.58O,户型结构,平层,建筑类型,板楼,房屋朝向,南 北,建筑结构,钢混结构,装修情况,精装,梯户比例,一梯两户,供暖方式,集中供暖,配备电梯,有
所在区域,金州区,房屋总价,103,房屋户型,2室1厅1卫,所在楼层,中楼层 (共18层),建筑面积,89.24O,户型结构,平层,建筑类型,板楼,房屋朝向,南 北,建筑结构,钢混结构,装修情况,精装,梯户比例,两梯六户,供暖方式,集中供暖,配备电梯,有
所在区域,金州区,房屋总价,35,房屋户型,1室1厅1卫,所在楼层,中楼层 (共28层),建筑面积,44.26O,户型结构,平层,套内面积,44.26O,建筑类型,塔楼,房屋朝向,南,建筑结构,钢混结构,装修情况,简装,梯户比例,五梯二十三户,供暖方式,集中供暖,配备电梯,有
所在区域,金州区,房屋总价,56,房屋户型,2室1厅1卫,所在楼层,高楼层 (共7层),建筑面积,70.11O,户型结构,平层,建筑类型,板楼,房屋朝向,南 北,建筑结构,钢混结构,装修情况,简装,梯户比例,一梯三户,供暖方式,集中供暖
所在区域,金州区,房屋总价,90.5,房屋户型,2室2厅1卫,所在楼层,中楼层 (共5层),建筑面积,104O,户型结构,平层,建筑类型,板塔结合,房屋朝向,南 北,建筑结构,框架结构,装修情况,精装,梯户比例,一梯两户,供暖方式,集中供暖,配备电梯,有
所在区域,金州区,房屋总价,32,房屋户型,1室1厅1卫,所在楼层,低楼层 (共24层),建筑面积,41.36O,户型结构,暂无数据,建筑类型,塔楼,房屋朝向,西,建筑结构,钢混结构,装修情况,精装,梯户比例,两梯二十七户,供暖方式,集中供暖,配备电梯,有
所在区域,金州区,房屋总价,125,房屋户型,3室2厅2卫,所在楼层,低楼层 (共7层),建筑面积,126.84O,户型结构,平层,建筑类型,塔楼,房屋朝向,南 北,建筑结构,钢混结构,装修情况,其他,梯户比例,一梯一户,供暖方式,集中供暖
所在区域,金州区,房屋总价,80,房屋户型,2室2厅1卫,所在楼层,高楼层 (共6层),建筑面积,89O,户型结构,平层,套内面积,88O,建筑类型,板楼,房屋朝向,南 北,建筑结构,砖混结构,装修情况,精装,梯户比例,一梯两户,供暖方式,集中供暖
所在区域,金州区,房屋总价,92,房屋户型,2室1厅1卫,所在楼层,低楼层 (共11层),建筑面积,85.88O,户型结构,平层,建筑类型,板楼,房屋朝向,南 北,建筑结构,框架结构,装修情况,精装,梯户比例,一梯两户,供暖方式,集中供暖
所在区域,金州区,房屋总价,56,房屋户型,2室1厅1卫,所在楼层,高楼层 (共7层),建筑面积,70.72O,户型结构,平层,建筑类型,板楼,房屋朝向,南 北,建筑结构,框架结构,装修情况,简装,梯户比例,十梯三户,供暖方式,集中供暖,配备电梯,有
所在区域,金州区,房屋总价,53,房屋户型,2室1厅1卫,所在楼层,高楼层 (共6层),建筑面积,64O,户型结构,平层,建筑类型,板楼,房屋朝向,南 北,建筑结构,钢混结构,装修情况,简装,梯户比例,两梯三户,供暖方式,集中供暖,配备电梯,有
所在区域,金州区,房屋总价,148,房屋户型,3室2厅1卫,所在楼层,高楼层 (共7层),建筑面积,109.43O,户型结构,平层,建筑类型,暂无数据,房屋朝向,南 北,建筑结构,钢混结构,装修情况,简装,梯户比例,一梯一户,供暖方式,集中供暖
所在区域,金州区,房屋总价,67.5,房屋户型,2室1厅1卫,所在楼层,低楼层 (共6层),建筑面积,69.5O,户型结构,平层,建筑类型,板楼,房屋朝向,南 北,建筑结构,钢混结构,装修情况,简装,梯户比例,一梯三户,供暖方式,集中供暖
所在区域,金州区,房屋总价,42,房屋户型,2室1厅1卫,所在楼层,高楼层 (共6层),建筑面积,54O,户型结构,平层,建筑类型,板楼,房屋朝向,南 北,建筑结构,钢混结构,装修情况,简装,梯户比例,两梯三户,供暖方式,集中供暖,配备电梯,有
所在区域,金州区,房屋总价,73.5,房屋户型,2室2厅1卫,所在楼层,中楼层 (共8层),建筑面积,88.11O,户型结构,平层,建筑类型,板楼,房屋朝向,南 北,建筑结构,钢混结构,装修情况,简装,梯户比例,两梯三户,供暖方式,集中供暖,配备电梯,有
所在区域,金州区,房屋总价,71,房屋户型,2室1厅1卫,所在楼层,中楼层 (共16层),建筑面积,70.17O,户型结构,平层,建筑类型,板楼,房屋朝向,南,建筑结构,钢混结构,装修情况,简装,梯户比例,两梯三户,供暖方式,集中供暖,配备电梯,有
所在区域,金州区,房屋总价,108,房屋户型,3室2厅1卫,所在楼层,低楼层 (共7层),建筑面积,93.23O,户型结构,平层,建筑类型,板楼,房屋朝向,南 北,建筑结构,框架结构,装修情况,毛坯,梯户比例,一梯两户,供暖方式,集中供暖
所在区域,金州区,房屋总价,112,房屋户型,3室1厅1卫,所在楼层,中楼层 (共6层),建筑面积,101.97O,户型结构,平层,建筑类型,板楼,房屋朝向,南 北 西,建筑结构,钢混结构,装修情况,精装,梯户比例,一梯两户,供暖方式,集中供暖
所在区域,金州区,房屋总价,80,房屋户型,2室1厅1卫,所在楼层,中楼层 (共11层),建筑面积,85.73O,户型结构,平层,建筑类型,板楼,房屋朝向,南 北,建筑结构,钢混结构,装修情况,精装,梯户比例,两梯两户,供暖方式,集中供暖,配备电梯,有
所在区域,金州区,房屋总价,36,房屋户型,2室1厅1卫,所在楼层,高楼层 (共6层),建筑面积,51.4O,户型结构,平层,建筑类型,板楼,房屋朝向,南 北,建筑结构,砖混结构,装修情况,简装,梯户比例,一梯四户,供暖方式,集中供暖,配备电梯,有
所在区域,金州区,房屋总价,83,房屋户型,2室2厅1卫,所在楼层,中楼层 (共6层),建筑面积,87.77O,户型结构,平层,建筑类型,板楼,房屋朝向,南 北,建筑结构,混合结构,装修情况,精装,梯户比例,一梯三户,供暖方式,集中供暖
所在区域,金州区,房屋总价,240,房屋户型,3室2厅2卫,所在楼层,中楼层 (共5层),建筑面积,168.67O,户型结构,平层,套内面积,142.68O,建筑类型,板楼,房屋朝向,南 北,建筑结构,框架结构,装修情况,精装,梯户比例,一梯一户,供暖方式,集中供暖,配备电梯,有
所在区域,金州区,房屋总价,93,房屋户型,2室1厅1卫,所在楼层,中楼层 (共32层),建筑面积,88O,户型结构,平层,建筑类型,板楼,房屋朝向,南 北,建筑结构,框架结构,装修情况,简装,梯户比例,两梯四户,供暖方式,集中供暖,配备电梯,有
所在区域,金州区,房屋总价,70,房屋户型,2室1厅1卫,所在楼层,中楼层 (共7层),建筑面积,59.5O,户型结构,平层,套内面积,59O,建筑类型,板楼,房屋朝向,南,建筑结构,钢混结构,装修情况,简装,梯户比例,一梯三户,供暖方式,集中供暖
所在区域,金州区,房屋总价,88,房屋户型,2室2厅1卫,所在楼层,中楼层 (共12层),建筑面积,89.13O,户型结构,平层,建筑类型,板楼,房屋朝向,南 北,建筑结构,钢混结构,装修情况,精装,梯户比例,一梯两户,供暖方式,集中供暖,配备电梯,有
所在区域,金州区,房屋总价,88.8,房屋户型,2室2厅1卫,所在楼层,高楼层 (共7层),建筑面积,77.19O,户型结构,平层,建筑类型,板楼,房屋朝向,南 北,建筑结构,框架结构,装修情况,精装,梯户比例,一梯两户,供暖方式,集中供暖,配备电梯,有
所在区域,金州区,房屋总价,57.5,房屋户型,1室1厅1卫,所在楼层,中楼层 (共8层),建筑面积,58.8O,户型结构,平层,套内面积,47.11O,建筑类型,板楼,房屋朝向,南,建筑结构,框架结构,装修情况,精装,梯户比例,一梯四户,供暖方式,集中供暖
所在区域,金州区,房屋总价,30,房屋户型,2室1厅1卫,所在楼层,高楼层 (共7层),建筑面积,53.5O,户型结构,平层,建筑类型,板楼,房屋朝向,南,建筑结构,混合结构,装修情况,毛坯,梯户比例,一梯四户,供暖方式,集中供暖
所在区域,金州区,房屋总价,29.8,房屋户型,1室1厅1卫,所在楼层,高楼层 (共6层),建筑面积,40.36O,户型结构,平层,套内面积,40O,建筑类型,板楼,房屋朝向,南,建筑结构,砖混结构,装修情况,简装,梯户比例,一梯四户,供暖方式,集中供暖
所在区域,金州区,房屋总价,96.5,房屋户型,2室2厅1卫,所在楼层,低楼层 (共12层),建筑面积,94.45O,户型结构,平层,建筑类型,板楼,房屋朝向,南 北,建筑结构,钢混结构,装修情况,精装,梯户比例,一梯两户,供暖方式,集中供暖,配备电梯,有
所在区域,金州区,房屋总价,119,房屋户型,3室2厅1卫,所在楼层,低楼层 (共6层),建筑面积,141.1O,户型结构,平层,套内面积,141O,建筑类型,板楼,房屋朝向,北 南,建筑结构,钢混结构,装修情况,简装,梯户比例,一梯两户,供暖方式,集中供暖
所在区域,金州区,房屋总价,100,房屋户型,2室2厅1卫,所在楼层,中楼层 (共33层),建筑面积,106.21O,户型结构,平层,建筑类型,板楼,房屋朝向,南 北,建筑结构,框架结构,装修情况,精装,梯户比例,两梯六户,供暖方式,集中供暖,配备电梯,有
所在区域,金州区,房屋总价,124,房屋户型,2室1厅1卫,所在楼层,低楼层 (共33层),建筑面积,95.36O,户型结构,平层,建筑类型,板楼,房屋朝向,南,建筑结构,钢混结构,装修情况,精装,梯户比例,两梯三户,供暖方式,集中供暖,配备电梯,有
所在区域,金州区,房屋总价,32.8,房屋户型,1室1厅1卫,所在楼层,高楼层 (共28层),建筑面积,36.04O,户型结构,平层,建筑类型,塔楼,房屋朝向,南,建筑结构,钢混结构,装修情况,简装,梯户比例,五梯二十三户,供暖方式,集中供暖,配备电梯,有
所在区域,金州区,房屋总价,54,房屋户型,1室1厅1卫,所在楼层,低楼层 (共31层),建筑面积,49.66O,户型结构,平层,建筑类型,板楼,房屋朝向,南,建筑结构,钢混结构,装修情况,简装,梯户比例,两梯六户,供暖方式,集中供暖,配备电梯,有
所在区域,金州区,房屋总价,41,房屋户型,1室0厅1卫,所在楼层,高楼层 (共12层),建筑面积,38.91O,户型结构,平层,建筑类型,板楼,房屋朝向,南,建筑结构,钢混结构,装修情况,简装,梯户比例,一梯四户,供暖方式,集中供暖,配备电梯,有
所在区域,金州区,房屋总价,85,房屋户型,2室1厅1卫,所在楼层,低楼层 (共6层),建筑面积,55O,户型结构,平层,建筑类型,板楼,房屋朝向,南 北,建筑结构,混合结构,装修情况,简装,梯户比例,一梯三户,供暖方式,集中供暖,配备电梯,有
所在区域,金州区,房屋总价,85,房屋户型,2室1厅1卫,所在楼层,低楼层 (共6层),建筑面积,62.5O,户型结构,平层,套内面积,62.5O,建筑类型,板楼,房屋朝向,南 北,建筑结构,钢混结构,装修情况,其他,梯户比例,一梯四户,供暖方式,集中供暖
所在区域,金州区,房屋总价,110,房屋户型,4室2厅2卫,所在楼层,高楼层 (共12层),建筑面积,124.84O,户型结构,平层,建筑类型,板楼,房屋朝向,南 北,建筑结构,钢混结构,装修情况,其他,梯户比例,两梯四户,供暖方式,集中供暖,配备电梯,有
所在区域,金州区,房屋总价,81,房屋户型,2室1厅1卫,所在楼层,中楼层 (共18层),建筑面积,86O,户型结构,平层,建筑类型,板楼,房屋朝向,北 南,建筑结构,框架结构,装修情况,简装,梯户比例,一梯三户,供暖方式,集中供暖,配备电梯,有
所在区域,金州区,房屋总价,128,房屋户型,3室2厅1卫,所在楼层,低楼层 (共34层),建筑面积,94.72O,户型结构,平层,建筑类型,板楼,房屋朝向,南 北,建筑结构,钢混结构,装修情况,精装,梯户比例,两梯四户,供暖方式,集中供暖,配备电梯,有
所在区域,金州区,房屋总价,93,房屋户型,3室2厅1卫,所在楼层,低楼层 (共6层),建筑面积,90O,户型结构,平层,建筑类型,板楼,房屋朝向,南 北,建筑结构,框架结构,装修情况,毛坯,梯户比例,一梯两户,供暖方式,集中供暖
所在区域,金州区,房屋总价,27,房屋户型,1室1厅1卫,所在楼层,低楼层 (共25层),建筑面积,33.72O,户型结构,平层,建筑类型,塔楼,房屋朝向,西南,建筑结构,框架结构,装修情况,精装,梯户比例,两梯十五户,供暖方式,集中供暖,配备电梯,有
所在区域,金州区,房屋总价,42,房屋户型,2室1厅1卫,所在楼层,高楼层 (共6层),建筑面积,49.33O,户型结构,平层,建筑类型,板楼,房屋朝向,北 南,建筑结构,钢混结构,装修情况,精装,梯户比例,一梯三户,供暖方式,集中供暖
所在区域,金州区,房屋总价,55,房屋户型,2室1厅1卫,所在楼层,中楼层 (共8层),建筑面积,62.28O,户型结构,平层,套内面积,5O,建筑类型,板楼,房屋朝向,南 北,建筑结构,钢混结构,装修情况,简装,梯户比例,一梯三户,供暖方式,集中供暖
所在区域,金州区,房屋总价,45,房屋户型,1室1厅1卫,所在楼层,低楼层 (共6层),建筑面积,58.46O,户型结构,平层,套内面积,58.46O,建筑类型,板楼,房屋朝向,南,建筑结构,框架结构,装修情况,简装,梯户比例,一梯三户,供暖方式,集中供暖
所在区域,金州区,房屋总价,72.5,房屋户型,2室1厅1卫,所在楼层,中楼层 (共7层),建筑面积,69.25O,户型结构,平层,建筑类型,板楼,房屋朝向,南 北,建筑结构,钢混结构,装修情况,简装,梯户比例,一梯三户,供暖方式,集中供暖
所在区域,金州区,房屋总价,57.8,房屋户型,2室1厅1卫,所在楼层,低楼层 (共6层),建筑面积,65.81O,户型结构,平层,建筑类型,板塔结合,房屋朝向,南 北,建筑结构,混合结构,装修情况,简装,梯户比例,一梯三户,供暖方式,集中供暖
所在区域,金州区,房屋总价,62.5,房屋户型,2室1厅1卫,所在楼层,中楼层 (共4层),建筑面积,49.91O,户型结构,平层,套内面积,49O,建筑类型,板楼,房屋朝向,南 北,建筑结构,混合结构,装修情况,简装,梯户比例,一梯三户,供暖方式,集中供暖
所在区域,金州区,房屋总价,38,房屋户型,2室0厅1卫,所在楼层,中楼层 (共6层),建筑面积,48.71O,户型结构,平层,建筑类型,板楼,房屋朝向,北 南,建筑结构,钢混结构,装修情况,简装,梯户比例,一梯三户,供暖方式,集中供暖
所在区域,金州区,房屋总价,23.5,房屋户型,2室1厅1卫,所在楼层,高楼层 (共7层),建筑面积,56.79O,户型结构,平层,套内面积,56.79O,建筑类型,板楼,房屋朝向,南 北,建筑结构,混合结构,装修情况,简装,梯户比例,一梯一户,供暖方式,集中供暖
所在区域,金州区,房屋总价,44,房屋户型,1室1厅1卫,所在楼层,中楼层 (共7层),建筑面积,47.21O,户型结构,平层,建筑类型,板楼,房屋朝向,南,建筑结构,钢混结构,装修情况,精装,梯户比例,一梯三户,供暖方式,集中供暖
所在区域,金州区,房屋总价,210,房屋户型,3室2厅2卫,所在楼层,高楼层 (共11层),建筑面积,128.73O,户型结构,平层,套内面积,113.06O,建筑类型,板楼,房屋朝向,南 北,建筑结构,框架结构,装修情况,精装,梯户比例,一梯两户,供暖方式,集中供暖,配备电梯,有
所在区域,金州区,房屋总价,63,房屋户型,2室1厅1卫,所在楼层,高楼层 (共16层),建筑面积,72.45O,户型结构,平层,建筑类型,板楼,房屋朝向,南 北,建筑结构,钢混结构,装修情况,简装,梯户比例,一梯四户,供暖方式,集中供暖,配备电梯,有
所在区域,金州区,房屋总价,82,房屋户型,2室1厅1卫,所在楼层,中楼层 (共5层),建筑面积,90.94O,户型结构,平层,建筑类型,板楼,房屋朝向,南 北,建筑结构,钢混结构,装修情况,精装,梯户比例,一梯两户,供暖方式,集中供暖
所在区域,金州区,房屋总价,102.5,房屋户型,4室1厅1卫,所在楼层,低楼层 (共32层),建筑面积,89.93O,户型结构,平层,建筑类型,板楼,房屋朝向,南 西 北,建筑结构,框架结构,装修情况,精装,梯户比例,两梯五户,供暖方式,集中供暖,配备电梯,有
所在区域,金州区,房屋总价,43.5,房屋户型,1室1厅1卫,所在楼层,中楼层 (共6层),建筑面积,41O,户型结构,平层,套内面积,41O,建筑类型,板楼,房屋朝向,南,建筑结构,砖混结构,装修情况,其他,梯户比例,一梯三户,供暖方式,集中供暖
所在区域,金州区,房屋总价,40,房屋户型,1室0厅1卫,所在楼层,中楼层 (共17层),建筑面积,41.87O,户型结构,平层,建筑类型,板楼,房屋朝向,南,建筑结构,框架结构,装修情况,简装,梯户比例,两梯四户,供暖方式,集中供暖,配备电梯,有
所在区域,金州区,房屋总价,30,房屋户型,1室1厅1卫,所在楼层,高楼层 (共5层),建筑面积,35O,户型结构,平层,建筑类型,板楼,房屋朝向,南,建筑结构,钢混结构,装修情况,简装,梯户比例,一梯三户,供暖方式,集中供暖
所在区域,金州区,房屋总价,68,房屋户型,2室1厅1卫,所在楼层,低楼层 (共6层),建筑面积,58.29O,户型结构,平层,建筑类型,板楼,房屋朝向,南,建筑结构,钢混结构,装修情况,简装,梯户比例,一梯四户,供暖方式,集中供暖
所在区域,金州区,房屋总价,82,房屋户型,2室1厅1卫,所在楼层,高楼层 (共34层),建筑面积,72.98O,户型结构,平层,套内面积,56.37O,建筑类型,板楼,房屋朝向,南,建筑结构,钢混结构,装修情况,精装,梯户比例,两梯五户,供暖方式,集中供暖,配备电梯,有
所在区域,金州区,房屋总价,60,房屋户型,3室2厅1卫,所在楼层,中楼层 (共5层),建筑面积,104.41O,户型结构,平层,建筑类型,暂无数据,房屋朝向,南 北,建筑结构,未知结构,装修情况,其他,梯户比例,一梯一户
所在区域,金州区,房屋总价,48,房屋户型,2室1厅1卫,所在楼层,中楼层 (共6层),建筑面积,49.33O,户型结构,平层,建筑类型,板楼,房屋朝向,北 南,建筑结构,混合结构,装修情况,精装,梯户比例,一梯三户,供暖方式,集中供暖
所在区域,金州区,房屋总价,55,房屋户型,2室1厅1卫,所在楼层,中楼层 (共6层),建筑面积,63O,户型结构,平层,建筑类型,板楼,房屋朝向,南 北,建筑结构,混合结构,装修情况,简装,梯户比例,一梯三户,供暖方式,集中供暖
所在区域,金州区,房屋总价,97,房屋户型,2室2厅1卫,所在楼层,低楼层 (共18层),建筑面积,108.5O,户型结构,平层,建筑类型,板楼,房屋朝向,南 北,建筑结构,框架结构,装修情况,简装,梯户比例,一梯三户,供暖方式,集中供暖,配备电梯,有
所在区域,金州区,房屋总价,61.5,房屋户型,1室1厅1卫,所在楼层,中楼层 (共11层),建筑面积,67.61O,户型结构,平层,建筑类型,板楼,房屋朝向,南,建筑结构,钢混结构,装修情况,简装,梯户比例,一梯三户,供暖方式,集中供暖,配备电梯,有
所在区域,金州区,房屋总价,53,房屋户型,1室1厅1卫,所在楼层,高楼层 (共7层),建筑面积,48.61O,户型结构,平层,建筑类型,板楼,房屋朝向,南,建筑结构,框架结构,装修情况,其他,梯户比例,一梯三户,供暖方式,集中供暖,配备电梯,有
所在区域,金州区,房屋总价,46.3,房屋户型,2室1厅1卫,所在楼层,低楼层 (共5层),建筑面积,52.86O,户型结构,平层,建筑类型,板楼,房屋朝向,南,建筑结构,钢混结构,装修情况,简装,梯户比例,一梯三户,供暖方式,集中供暖
所在区域,金州区,房屋总价,53.5,房屋户型,2室1厅1卫,所在楼层,中楼层 (共7层),建筑面积,61.62O,户型结构,平层,建筑类型,板楼,房屋朝向,南 北,建筑结构,钢混结构,装修情况,其他,梯户比例,一梯四户,供暖方式,集中供暖,配备电梯,有
所在区域,金州区,房屋总价,71,房屋户型,2室1厅1卫,所在楼层,中楼层 (共30层),建筑面积,75.23O,户型结构,平层,建筑类型,板楼,房屋朝向,南,建筑结构,钢混结构,装修情况,其他,梯户比例,两梯六户,供暖方式,集中供暖,配备电梯,有
所在区域,金州区,房屋总价,91.8,房屋户型,3室1厅1卫,所在楼层,中楼层 (共6层),建筑面积,89.02O,户型结构,平层,建筑类型,板楼,房屋朝向,北 南,建筑结构,框架结构,装修情况,精装,梯户比例,一梯两户,供暖方式,集中供暖
所在区域,金州区,房屋总价,29.8,房屋户型,1室0厅1卫,所在楼层,高楼层 (共24层),建筑面积,41.77O,户型结构,平层,建筑类型,塔楼,房屋朝向,北,建筑结构,钢混结构,装修情况,精装,梯户比例,两梯六户,供暖方式,集中供暖,配备电梯,有
所在区域,金州区,房屋总价,52.8,房屋户型,1室1厅1卫,所在楼层,低楼层 (共7层),建筑面积,52.3O,户型结构,平层,建筑类型,板楼,房屋朝向,南,建筑结构,框架结构,装修情况,其他,梯户比例,一梯两户
所在区域,金州区,房屋总价,38.5,房屋户型,2室1厅1卫,所在楼层,高楼层 (共6层),建筑面积,56.1O,户型结构,平层,套内面积,56.1O,建筑类型,板楼,房屋朝向,南 北,建筑结构,混合结构,装修情况,精装,梯户比例,一梯三户,供暖方式,集中供暖
所在区域,金州区,房屋总价,56,房屋户型,2室1厅1卫,所在楼层,高楼层 (共6层),建筑面积,55.48O,户型结构,平层,建筑类型,板楼,房屋朝向,南,建筑结构,钢混结构,装修情况,简装,梯户比例,一梯三户,供暖方式,集中供暖
所在区域,金州区,房屋总价,26,房屋户型,1室1厅1卫,所在楼层,低楼层 (共6层),建筑面积,33.69O,户型结构,平层,建筑类型,板楼,房屋朝向,南,建筑结构,混合结构,装修情况,精装,梯户比例,一梯四户,供暖方式,集中供暖
所在区域,金州区,房屋总价,105,房屋户型,2室2厅1卫,所在楼层,中楼层 (共6层),建筑面积,94.78O,户型结构,平层,建筑类型,板楼,房屋朝向,南 北,建筑结构,钢混结构,装修情况,精装,梯户比例,一梯两户,供暖方式,集中供暖
所在区域,金州区,房屋总价,81.8,房屋户型,1室1厅1卫,所在楼层,中楼层 (共28层),建筑面积,45.49O,户型结构,平层,建筑类型,板楼,房屋朝向,南,建筑结构,钢混结构,装修情况,其他,梯户比例,两梯五户,供暖方式,集中供暖,配备电梯,有
所在区域,金州区,房屋总价,83,房屋户型,2室2厅1卫,所在楼层,低楼层 (共5层),建筑面积,96.04O,户型结构,平层,建筑类型,板楼,房屋朝向,南 北,建筑结构,钢混结构,装修情况,简装,梯户比例,一梯两户,供暖方式,集中供暖
所在区域,金州区,房屋总价,63,房屋户型,2室1厅1卫,所在楼层,中楼层 (共10层),建筑面积,86.73O,户型结构,平层,建筑类型,板楼,房屋朝向,南 北,建筑结构,框架结构,装修情况,其他,梯户比例,一梯两户,供暖方式,集中供暖
所在区域,金州区,房屋总价,89,房屋户型,2室2厅1卫,所在楼层,中楼层 (共6层),建筑面积,72.23O,户型结构,平层,建筑类型,板楼,房屋朝向,南 北,建筑结构,钢混结构,装修情况,精装,梯户比例,一梯三户,供暖方式,集中供暖,配备电梯,有
所在区域,金州区,房屋总价,73,房屋户型,2室1厅1卫,所在楼层,高楼层 (共7层),建筑面积,95O,户型结构,平层,套内面积,95O,建筑类型,板楼,房屋朝向,南 北,建筑结构,混合结构,装修情况,简装,梯户比例,一梯三户,供暖方式,集中供暖
所在区域,金州区,房屋总价,88,房屋户型,2室1厅1卫,所在楼层,中楼层 (共11层),建筑面积,84.72O,户型结构,平层,建筑类型,板楼,房屋朝向,南 北,建筑结构,钢混结构,装修情况,简装,梯户比例,两梯两户,供暖方式,集中供暖,配备电梯,有
所在区域,金州区,房屋总价,59,房屋户型,2室1厅1卫,所在楼层,中楼层 (共7层),建筑面积,63O,户型结构,平层,建筑类型,板楼,房屋朝向,南 北,建筑结构,砖混结构,装修情况,简装,梯户比例,一梯三户,供暖方式,集中供暖
所在区域,金州区,房屋总价,71,房屋户型,2室1厅1卫,所在楼层,中楼层 (共7层),建筑面积,74.85O,户型结构,平层,建筑类型,塔楼,房屋朝向,南 北,建筑结构,钢混结构,装修情况,其他,梯户比例,一梯三户,供暖方式,集中供暖
所在区域,金州区,房屋总价,40.6,房屋户型,2室1厅1卫,所在楼层,低楼层 (共28层),建筑面积,57.78O,户型结构,平层,建筑类型,塔楼,房屋朝向,东 西南,建筑结构,钢混结构,装修情况,简装,梯户比例,五梯二十三户,供暖方式,集中供暖,配备电梯,有
所在区域,金州区,房屋总价,85,房屋户型,2室1厅1卫,所在楼层,中楼层 (共32层),建筑面积,87.44O,户型结构,平层,建筑类型,板楼,房屋朝向,南 北,建筑结构,钢混结构,装修情况,精装,梯户比例,两梯四户,供暖方式,集中供暖,配备电梯,有
所在区域,金州区,房屋总价,90,房屋户型,3室2厅1卫,所在楼层,中楼层 (共8层),建筑面积,97.74O,户型结构,平层,建筑类型,板楼,房屋朝向,南 北,建筑结构,钢混结构,装修情况,精装,梯户比例,二十梯三户,供暖方式,集中供暖,配备电梯,有
所在区域,金州区,房屋总价,62.8,房屋户型,2室1厅2卫,所在楼层,中楼层 (共7层),建筑面积,65.42O,户型结构,平层,建筑类型,板楼,房屋朝向,南,建筑结构,钢混结构,装修情况,其他,梯户比例,一梯三户,供暖方式,集中供暖
所在区域,金州区,房屋总价,63,房屋户型,2室1厅1卫,所在楼层,中楼层 (共7层),建筑面积,66.57O,户型结构,平层,建筑类型,板楼,房屋朝向,南 北,建筑结构,钢混结构,装修情况,简装,梯户比例,一梯三户,供暖方式,集中供暖
所在区域,金州区,房屋总价,73.5,房屋户型,2室1厅1卫,所在楼层,高楼层 (共32层),建筑面积,75.39O,户型结构,平层,建筑类型,板楼,房屋朝向,南,建筑结构,钢混结构,装修情况,简装,梯户比例,两梯六户,供暖方式,集中供暖,配备电梯,有
所在区域,金州区,房屋总价,36,房屋户型,1室1厅1卫,所在楼层,中楼层 (共18层),建筑面积,42O,户型结构,平层,建筑类型,板楼,房屋朝向,南,建筑结构,钢混结构,装修情况,其他,梯户比例,两梯九户,供暖方式,集中供暖,配备电梯,有
所在区域,金州区,房屋总价,93,房屋户型,2室1厅1卫,所在楼层,中楼层 (共27层),建筑面积,84.52O,户型结构,平层,建筑类型,板楼,房屋朝向,南,建筑结构,钢混结构,装修情况,其他,梯户比例,两梯三户,供暖方式,集中供暖,配备电梯,有
所在区域,金州区,房屋总价,106,房屋户型,3室1厅1卫,所在楼层,低楼层 (共18层),建筑面积,101.01O,户型结构,平层,建筑类型,板楼,房屋朝向,南,建筑结构,钢混结构,装修情况,其他,梯户比例,两梯两户,供暖方式,集中供暖,配备电梯,有
所在区域,金州区,房屋总价,90,房屋户型,2室1厅1卫,所在楼层,中楼层 (共17层),建筑面积,86.15O,户型结构,平层,建筑类型,板楼,房屋朝向,南 北,建筑结构,框架结构,装修情况,精装,梯户比例,一梯三户,供暖方式,集中供暖,配备电梯,有
所在区域,金州区,房屋总价,43,房屋户型,2室1厅1卫,所在楼层,高楼层 (共7层),建筑面积,50.2O,户型结构,平层,套内面积,50O,建筑类型,板楼,房屋朝向,南,建筑结构,钢混结构,装修情况,其他,梯户比例,一梯四户,供暖方式,集中供暖
所在区域,金州区,房屋总价,61,房屋户型,2室1厅1卫,所在楼层,中楼层 (共6层),建筑面积,67.5O,户型结构,平层,建筑类型,板楼,房屋朝向,南,建筑结构,钢混结构,装修情况,其他,梯户比例,一梯三户,供暖方式,集中供暖
所在区域,金州区,房屋总价,58,房屋户型,2室1厅1卫,所在楼层,中楼层 (共5层),建筑面积,51O,户型结构,平层,套内面积,51O,建筑类型,板楼,房屋朝向,南 北,建筑结构,钢混结构,装修情况,简装,梯户比例,一梯三户,供暖方式,集中供暖
所在区域,金州区,房屋总价,29,房屋户型,1室1厅1卫,所在楼层,高楼层 (共6层),建筑面积,33.57O,户型结构,平层,建筑类型,板楼,房屋朝向,南,建筑结构,混合结构,装修情况,其他,梯户比例,一梯四户,供暖方式,集中供暖
所在区域,金州区,房屋总价,100,房屋户型,2室2厅1卫,所在楼层,低楼层 (共26层),建筑面积,94.71O,户型结构,平层,建筑类型,板楼,房屋朝向,南,建筑结构,钢混结构,装修情况,精装,梯户比例,两梯四户,供暖方式,集中供暖,配备电梯,有
所在区域,金州区,房屋总价,69.8,房屋户型,2室1厅1卫,所在楼层,中楼层 (共6层),建筑面积,58.61O,户型结构,平层,建筑类型,板楼,房屋朝向,南 北,建筑结构,钢混结构,装修情况,其他,梯户比例,一梯三户,供暖方式,集中供暖
所在区域,金州区,房屋总价,39.3,房屋户型,2室1厅1卫,所在楼层,高楼层 (共6层),建筑面积,57.75O,户型结构,平层,套内面积,57.75O,建筑类型,板楼,房屋朝向,南,建筑结构,砖混结构,装修情况,简装,梯户比例,一梯三户,供暖方式,集中供暖
所在区域,金州区,房屋总价,115,房屋户型,3室1厅1卫,所在楼层,高楼层 (共17层),建筑面积,101.14O,户型结构,平层,建筑类型,板楼,房屋朝向,南 北,建筑结构,钢混结构,装修情况,简装,梯户比例,一梯两户,供暖方式,集中供暖,配备电梯,有
所在区域,金州区,房屋总价,73,房屋户型,2室1厅1卫,所在楼层,低楼层 (共25层),建筑面积,73.83O,户型结构,平层,建筑类型,板楼,房屋朝向,西,建筑结构,框架结构,装修情况,其他,梯户比例,四梯十九户,供暖方式,集中供暖,配备电梯,有
所在区域,金州区,房屋总价,135,房屋户型,2室1厅1卫,所在楼层,中楼层 (共8层),建筑面积,130.7O,户型结构,平层,建筑类型,板楼,房屋朝向,南 北,建筑结构,钢混结构,装修情况,精装,梯户比例,一梯两户,供暖方式,集中供暖
所在区域,金州区,房屋总价,108,房屋户型,3室2厅1卫,所在楼层,低楼层 (共18层),建筑面积,94.6O,户型结构,平层,建筑类型,板楼,房屋朝向,南 北,建筑结构,钢混结构,装修情况,精装,梯户比例,两梯四户,供暖方式,集中供暖,配备电梯,有
所在区域,金州区,房屋总价,90,房屋户型,1室1厅1卫,所在楼层,低楼层 (共3层),建筑面积,49.04O,户型结构,平层,建筑类型,暂无数据,房屋朝向,南,建筑结构,未知结构,装修情况,其他,梯户比例,一梯四户
所在区域,金州区,房屋总价,90,房屋户型,1室1厅1卫,所在楼层,低楼层 (共3层),建筑面积,51.26O,户型结构,平层,建筑类型,暂无数据,房屋朝向,南 北,建筑结构,未知结构,装修情况,其他,梯户比例,一梯四户
所在区域,金州区,房屋总价,73,房屋户型,2室1厅1卫,所在楼层,低楼层 (共8层),建筑面积,82O,户型结构,平层,建筑类型,板楼,房屋朝向,南 北,建筑结构,砖混结构,装修情况,简装,梯户比例,一梯三户,供暖方式,集中供暖
所在区域,金州区,房屋总价,112.3,房屋户型,2室1厅2卫,所在楼层,高楼层 (共14层),建筑面积,89.38O,户型结构,平层,建筑类型,板楼,房屋朝向,南 北,建筑结构,钢混结构,装修情况,简装,梯户比例,一梯四户,供暖方式,集中供暖,配备电梯,有
所在区域,金州区,房屋总价,53.5,房屋户型,2室1厅1卫,所在楼层,中楼层 (共5层),建筑面积,61.04O,户型结构,平层,建筑类型,板楼,房屋朝向,南,建筑结构,钢混结构,装修情况,简装,梯户比例,一梯三户,供暖方式,集中供暖
所在区域,金州区,房屋总价,51.5,房屋户型,2室1厅1卫,所在楼层,高楼层 (共7层),建筑面积,57.66O,户型结构,平层,建筑类型,板楼,房屋朝向,南 北,建筑结构,钢混结构,装修情况,简装,梯户比例,一梯四户,供暖方式,集中供暖
所在区域,金州区,房屋总价,46.8,房屋户型,2室1厅1卫,所在楼层,中楼层 (共7层),建筑面积,64.98O,户型结构,平层,建筑类型,板楼,房屋朝向,东,建筑结构,钢混结构,装修情况,精装,梯户比例,一梯二十九户,供暖方式,集中供暖,配备电梯,有
所在区域,金州区,房屋总价,184,房屋户型,2室2厅2卫,所在楼层,中楼层 (共18层),建筑面积,143.98O,户型结构,平层,建筑类型,板楼,房屋朝向,南 北,建筑结构,钢混结构,装修情况,其他,梯户比例,一梯六户,供暖方式,集中供暖,配备电梯,有
所在区域,金州区,房屋总价,48,房屋户型,2室1厅1卫,所在楼层,高楼层 (共9层),建筑面积,70.56O,户型结构,平层,建筑类型,板楼,房屋朝向,南,建筑结构,钢混结构,装修情况,简装,梯户比例,一梯三户,供暖方式,集中供暖,配备电梯,有
所在区域,金州区,房屋总价,62,房屋户型,2室2厅1卫,所在楼层,中楼层 (共12层),建筑面积,83.77O,户型结构,平层,建筑类型,板楼,房屋朝向,南,建筑结构,钢混结构,装修情况,毛坯,梯户比例,两梯四户,供暖方式,集中供暖,配备电梯,有
所在区域,金州区,房屋总价,44,房屋户型,2室2厅1卫,所在楼层,高楼层 (共6层),建筑面积,48.35O,户型结构,平层,建筑类型,板楼,房屋朝向,南 北,建筑结构,钢混结构,装修情况,简装,梯户比例,一梯两户,供暖方式,集中供暖
所在区域,金州区,房屋总价,53,房屋户型,2室1厅1卫,所在楼层,高楼层 (共6层),建筑面积,67O,户型结构,平层,建筑类型,板楼,房屋朝向,南 北,建筑结构,砖混结构,装修情况,其他,梯户比例,一梯三户,供暖方式,集中供暖
所在区域,金州区,房屋总价,119.7,房屋户型,3室2厅1卫,所在楼层,中楼层 (共34层),建筑面积,95.43O,户型结构,平层,建筑类型,板塔结合,房屋朝向,南 北,建筑结构,钢混结构,装修情况,精装,梯户比例,两梯四户,供暖方式,集中供暖,配备电梯,有
所在区域,金州区,房屋总价,83,房屋户型,2室1厅1卫,所在楼层,高楼层 (共25层),建筑面积,105.69O,户型结构,平层,建筑类型,板楼,房屋朝向,南,建筑结构,钢混结构,装修情况,简装,梯户比例,两梯两户,供暖方式,集中供暖,配备电梯,有
所在区域,金州区,房屋总价,68,房屋户型,1室1厅1卫,所在楼层,高楼层 (共32层),建筑面积,64.97O,户型结构,平层,建筑类型,板楼,房屋朝向,南,建筑结构,钢混结构,装修情况,精装,梯户比例,三梯十一户,供暖方式,集中供暖,配备电梯,有
所在区域,金州区,房屋总价,35.5,房屋户型,2室1厅1卫,所在楼层,高楼层 (共6层),建筑面积,54O,户型结构,平层,建筑类型,板楼,房屋朝向,南 北,建筑结构,钢混结构,装修情况,其他,梯户比例,一梯三户,供暖方式,集中供暖
所在区域,金州区,房屋总价,51,房屋户型,2室1厅1卫,所在楼层,中楼层 (共8层),建筑面积,70.72O,户型结构,平层,建筑类型,板楼,房屋朝向,南 北,建筑结构,钢混结构,装修情况,其他,梯户比例,一梯三户,供暖方式,集中供暖
所在区域,金州区,房屋总价,40,房屋户型,2室1厅1卫,所在楼层,高楼层 (共5层),建筑面积,54O,户型结构,平层,建筑类型,板楼,房屋朝向,南,建筑结构,混合结构,装修情况,简装,梯户比例,一梯三户,供暖方式,集中供暖
所在区域,金州区,房屋总价,65,房屋户型,2室1厅1卫,所在楼层,低楼层 (共6层),建筑面积,78O,户型结构,平层,建筑类型,板楼,房屋朝向,南 北,建筑结构,框架结构,装修情况,简装,梯户比例,一梯两户,供暖方式,集中供暖
所在区域,金州区,房屋总价,78,房屋户型,2室2厅1卫,所在楼层,高楼层 (共6层),建筑面积,84O,户型结构,平层,建筑类型,板楼,房屋朝向,南 北,建筑结构,砖混结构,装修情况,其他,梯户比例,一梯两户,供暖方式,集中供暖
所在区域,金州区,房屋总价,190,房屋户型,3室2厅1卫,所在楼层,中楼层 (共28层),建筑面积,139.33O,户型结构,平层,建筑类型,板楼,房屋朝向,东 南 北,建筑结构,钢混结构,装修情况,精装,梯户比例,两梯五户,供暖方式,集中供暖,配备电梯,有
所在区域,金州区,房屋总价,143,房屋户型,2室2厅1卫,所在楼层,中楼层 (共30层),建筑面积,89.99O,户型结构,平层,建筑类型,板楼,房屋朝向,南 北,建筑结构,钢混结构,装修情况,其他,梯户比例,一梯四户,供暖方式,集中供暖,配备电梯,有
所在区域,金州区,房屋总价,55,房屋户型,1室1厅1卫,所在楼层,中楼层 (共18层),建筑面积,51.74O,户型结构,平层,套内面积,51O,建筑类型,板楼,房屋朝向,南,建筑结构,钢混结构,装修情况,简装,梯户比例,一梯四户,供暖方式,集中供暖,配备电梯,有
所在区域,金州区,房屋总价,54,房屋户型,2室1厅1卫,所在楼层,低楼层 (共5层),建筑面积,65.11O,户型结构,平层,建筑类型,板楼,房屋朝向,南 北,建筑结构,框架结构,装修情况,毛坯,梯户比例,一梯三户,供暖方式,集中供暖
所在区域,金州区,房屋总价,42,房屋户型,1室1厅1卫,所在楼层,低楼层 (共6层),建筑面积,39O,户型结构,平层,套内面积,39O,建筑类型,板楼,房屋朝向,南,建筑结构,混合结构,装修情况,简装,梯户比例,一梯三户,供暖方式,集中供暖
所在区域,金州区,房屋总价,180,房屋户型,3室2厅1卫,所在楼层,高楼层 (共10层),建筑面积,125.16O,户型结构,平层,建筑类型,板楼,房屋朝向,南 北,建筑结构,框架结构,装修情况,其他,梯户比例,一梯两户,供暖方式,集中供暖
所在区域,金州区,房屋总价,62.18,房屋户型,1室1厅1卫,所在楼层,中楼层 (共7层),建筑面积,51.89O,户型结构,平层,建筑类型,板楼,房屋朝向,南,建筑结构,钢混结构,装修情况,精装,梯户比例,一梯三户,供暖方式,集中供暖,配备电梯,有
所在区域,金州区,房屋总价,88,房屋户型,1室1厅1卫,所在楼层,高楼层 (共26层),建筑面积,61.89O,户型结构,平层,建筑类型,板楼,房屋朝向,南,建筑结构,钢混结构,装修情况,精装,梯户比例,一梯四户,供暖方式,集中供暖,配备电梯,有
所在区域,金州区,房屋总价,38,房屋户型,1室1厅1卫,所在楼层,高楼层 (共6层),建筑面积,39O,户型结构,平层,建筑类型,板楼,房屋朝向,南,建筑结构,钢混结构,装修情况,简装,梯户比例,一梯四户,供暖方式,集中供暖
所在区域,金州区,房屋总价,85,房屋户型,2室1厅1卫,所在楼层,中楼层 (共18层),建筑面积,86.78O,户型结构,平层,建筑类型,板楼,房屋朝向,南 北,建筑结构,钢混结构,装修情况,简装,梯户比例,一梯三户,供暖方式,集中供暖,配备电梯,有
所在区域,金州区,房屋总价,119,房屋户型,3室1厅1卫,所在楼层,中楼层 (共25层),建筑面积,108.23O,户型结构,平层,套内面积,81.7O,建筑类型,板楼,房屋朝向,南,建筑结构,钢混结构,装修情况,精装,梯户比例,两梯四户,供暖方式,集中供暖,配备电梯,有
所在区域,金州区,房屋总价,198,房屋户型,4室2厅2卫,所在楼层,低楼层 (共6层),建筑面积,177.48O,户型结构,平层,建筑类型,板楼,房屋朝向,南 北,建筑结构,钢混结构,装修情况,其他,梯户比例,一梯两户,供暖方式,集中供暖,配备电梯,有
所在区域,金州区,房屋总价,125.58,房屋户型,3室2厅1卫,所在楼层,高楼层 (共4层),建筑面积,119.55O,户型结构,平层,建筑类型,板楼,房屋朝向,南 北,建筑结构,框架结构,装修情况,毛坯,梯户比例,一梯两户,供暖方式,集中供暖,配备电梯,有
所在区域,金州区,房屋总价,59,房屋户型,2室1厅1卫,所在楼层,低楼层 (共6层),建筑面积,59.9O,户型结构,平层,建筑类型,板楼,房屋朝向,南,建筑结构,钢混结构,装修情况,精装,梯户比例,一梯三户,供暖方式,集中供暖
所在区域,金州区,房屋总价,37,房屋户型,1室1厅1卫,所在楼层,中楼层 (共18层),建筑面积,58.71O,户型结构,平层,建筑类型,板楼,房屋朝向,西,建筑结构,框架结构,装修情况,精装,梯户比例,一梯十二户,供暖方式,集中供暖,配备电梯,有
所在区域,金州区,房屋总价,42,房屋户型,2室1厅1卫,所在楼层,高楼层 (共6层),建筑面积,62.4O,户型结构,平层,建筑类型,板楼,房屋朝向,北 南,建筑结构,钢混结构,装修情况,其他,梯户比例,一梯两户,供暖方式,集中供暖
所在区域,金州区,房屋总价,110,房屋户型,2室2厅1卫,所在楼层,中楼层 (共7层),建筑面积,102O,户型结构,平层,建筑类型,板楼,房屋朝向,南 北,建筑结构,钢混结构,装修情况,其他,梯户比例,一梯三户,供暖方式,集中供暖
所在区域,金州区,房屋总价,62,房屋户型,2室1厅1卫,所在楼层,低楼层 (共6层),建筑面积,67.62O,户型结构,平层,建筑类型,板楼,房屋朝向,南 北,建筑结构,砖混结构,装修情况,简装,梯户比例,一梯三户,供暖方式,集中供暖
所在区域,金州区,房屋总价,53,房屋户型,1室1厅1卫,所在楼层,中楼层 (共29层),建筑面积,61.45O,户型结构,平层,建筑类型,板楼,房屋朝向,南,建筑结构,钢混结构,装修情况,其他,梯户比例,两梯四户,供暖方式,集中供暖,配备电梯,有
所在区域,金州区,房屋总价,52,房屋户型,2室1厅1卫,所在楼层,高楼层 (共7层),建筑面积,62.7O,户型结构,平层,建筑类型,塔楼,房屋朝向,南,建筑结构,钢混结构,装修情况,简装,梯户比例,一梯三户,供暖方式,集中供暖
所在区域,金州区,房屋总价,28.5,房屋户型,1室1厅1卫,所在楼层,中楼层 (共30层),建筑面积,37.39O,户型结构,平层,建筑类型,板楼,房屋朝向,北,建筑结构,钢混结构,装修情况,简装,梯户比例,两梯五户,供暖方式,集中供暖,配备电梯,有
所在区域,金州区,房屋总价,50,房屋户型,1室1厅1卫,所在楼层,中楼层 (共6层),建筑面积,48.45O,户型结构,平层,建筑类型,板楼,房屋朝向,南,建筑结构,钢混结构,装修情况,其他,梯户比例,一梯三户,供暖方式,集中供暖
所在区域,金州区,房屋总价,45,房屋户型,1室1厅1卫,所在楼层,低楼层 (共19层),建筑面积,49.71O,户型结构,平层,建筑类型,板楼,房屋朝向,南,建筑结构,框架结构,装修情况,简装,梯户比例,一梯四户,供暖方式,集中供暖,配备电梯,有
所在区域,金州区,房屋总价,86,房屋户型,2室1厅1卫,所在楼层,高楼层 (共34层),建筑面积,72.85O,户型结构,平层,建筑类型,板楼,房屋朝向,南,建筑结构,钢混结构,装修情况,精装,梯户比例,两梯五户,供暖方式,集中供暖,配备电梯,有
所在区域,金州区,房屋总价,77,房屋户型,2室1厅1卫,所在楼层,中楼层 (共6层),建筑面积,86.49O,户型结构,平层,建筑类型,板楼,房屋朝向,南 北,建筑结构,钢混结构,装修情况,精装,梯户比例,一梯两户,供暖方式,集中供暖
所在区域,金州区,房屋总价,63,房屋户型,2室1厅1卫,所在楼层,低楼层 (共6层),建筑面积,63.45O,户型结构,平层,建筑类型,板楼,房屋朝向,南 北,建筑结构,钢混结构,装修情况,其他,梯户比例,一梯三户,供暖方式,集中供暖
所在区域,金州区,房屋总价,97,房屋户型,3室2厅1卫,所在楼层,高楼层 (共17层),建筑面积,97.27O,户型结构,平层,建筑类型,板楼,房屋朝向,南 北,建筑结构,钢混结构,装修情况,精装,梯户比例,两梯两户,供暖方式,集中供暖,配备电梯,有
所在区域,金州区,房屋总价,108,房屋户型,2室2厅1卫,所在楼层,高楼层 (共32层),建筑面积,89.55O,户型结构,平层,建筑类型,板楼,房屋朝向,南 北,建筑结构,框架结构,装修情况,精装,梯户比例,两梯四户,供暖方式,集中供暖,配备电梯,有
所在区域,金州区,房屋总价,102,房屋户型,2室1厅1卫,所在楼层,高楼层 (共6层),建筑面积,90.87O,户型结构,平层,建筑类型,板楼,房屋朝向,南 北,建筑结构,钢混结构,装修情况,简装,梯户比例,一梯两户,供暖方式,集中供暖
所在区域,金州区,房屋总价,102,房屋户型,3室1厅2卫,所在楼层,低楼层 (共12层),建筑面积,125.24O,户型结构,平层,建筑类型,板楼,房屋朝向,南 北,建筑结构,钢混结构,装修情况,其他,梯户比例,一梯四户,供暖方式,集中供暖
所在区域,金州区,房屋总价,136.5,房屋户型,3室2厅1卫,所在楼层,高楼层 (共11层),建筑面积,90.82O,户型结构,平层,建筑类型,板楼,房屋朝向,南 北,建筑结构,钢混结构,装修情况,其他,梯户比例,一梯两户,供暖方式,集中供暖
所在区域,金州区,房屋总价,42,房屋户型,2室1厅1卫,所在楼层,低楼层 (共5层),建筑面积,45.08O,户型结构,平层,建筑类型,板楼,房屋朝向,南 北,建筑结构,混合结构,装修情况,简装,梯户比例,一梯三户,供暖方式,集中供暖
所在区域,金州区,房屋总价,59,房屋户型,2室1厅1卫,所在楼层,高楼层 (共33层),建筑面积,72.33O,户型结构,平层,建筑类型,板楼,房屋朝向,南 北,建筑结构,钢混结构,装修情况,精装,梯户比例,两梯五户,供暖方式,集中供暖,配备电梯,有
所在区域,金州区,房屋总价,93.5,房屋户型,2室1厅1卫,所在楼层,中楼层 (共6层),建筑面积,93.82O,户型结构,平层,建筑类型,板楼,房屋朝向,南 北,建筑结构,钢混结构,装修情况,简装,梯户比例,一梯两户,供暖方式,集中供暖
所在区域,金州区,房屋总价,104,房屋户型,2室1厅1卫,所在楼层,高楼层 (共23层),建筑面积,87.09O,户型结构,平层,建筑类型,板楼,房屋朝向,南 北,建筑结构,钢混结构,装修情况,精装,梯户比例,两梯四户,供暖方式,集中供暖,配备电梯,有
所在区域,金州区,房屋总价,83,房屋户型,2室1厅1卫,所在楼层,中楼层 (共20层),建筑面积,76.34O,户型结构,平层,建筑类型,板楼,房屋朝向,南,建筑结构,框架结构,装修情况,精装,梯户比例,两梯六户,供暖方式,集中供暖,配备电梯,有
所在区域,金州区,房屋总价,46,房屋户型,1室1厅1卫,所在楼层,中楼层 (共7层),建筑面积,40.34O,户型结构,平层,建筑类型,板楼,房屋朝向,南,建筑结构,钢混结构,装修情况,简装,梯户比例,一梯四户,供暖方式,集中供暖
所在区域,金州区,房屋总价,72,房屋户型,2室1厅1卫,所在楼层,中楼层 (共7层),建筑面积,72O,户型结构,平层,建筑类型,板楼,房屋朝向,南 北,建筑结构,混合结构,装修情况,精装,梯户比例,一梯三户,供暖方式,集中供暖
所在区域,金州区,房屋总价,69,房屋户型,2室2厅1卫,所在楼层,低楼层 (共29层),建筑面积,83.87O,户型结构,平层,建筑类型,板楼,房屋朝向,南,建筑结构,钢混结构,装修情况,其他,梯户比例,两梯三户,供暖方式,集中供暖,配备电梯,有
所在区域,金州区,房屋总价,41,房屋户型,1室1厅1卫,所在楼层,中楼层 (共6层),建筑面积,40O,户型结构,平层,建筑类型,板楼,房屋朝向,南,建筑结构,混合结构,装修情况,简装,梯户比例,一梯三户,供暖方式,集中供暖
所在区域,金州区,房屋总价,110,房屋户型,2室2厅1卫,所在楼层,中楼层 (共6层),建筑面积,106.21O,户型结构,平层,套内面积,106.21O,建筑类型,板楼,房屋朝向,南 北,建筑结构,钢混结构,装修情况,精装,梯户比例,一梯两户,供暖方式,集中供暖
所在区域,金州区,房屋总价,72,房屋户型,2室1厅1卫,所在楼层,中楼层 (共8层),建筑面积,66.76O,户型结构,平层,建筑类型,板楼,房屋朝向,南 北,建筑结构,钢混结构,装修情况,简装,梯户比例,一梯三户,供暖方式,集中供暖
所在区域,金州区,房屋总价,125,房屋户型,3室2厅1卫,所在楼层,低楼层 (共25层),建筑面积,107.87O,户型结构,平层,建筑类型,板楼,房屋朝向,南 北,建筑结构,钢混结构,装修情况,精装,梯户比例,两梯四户,供暖方式,集中供暖,配备电梯,有
所在区域,金州区,房屋总价,155,房屋户型,3室2厅1卫,所在楼层,中楼层 (共6层),建筑面积,98.91O,户型结构,平层,建筑类型,板楼,房屋朝向,南 北,建筑结构,钢混结构,装修情况,精装,梯户比例,一梯两户,供暖方式,集中供暖
所在区域,金州区,房屋总价,48,房屋户型,2室1厅1卫,所在楼层,中楼层 (共6层),建筑面积,52.57O,户型结构,平层,建筑类型,板楼,房屋朝向,南,建筑结构,混合结构,装修情况,精装,梯户比例,一梯三户,供暖方式,集中供暖
所在区域,金州区,房屋总价,60.8,房屋户型,2室1厅1卫,所在楼层,高楼层 (共7层),建筑面积,80.1O,户型结构,平层,建筑类型,板楼,房屋朝向,东 南 北,建筑结构,钢混结构,装修情况,简装,梯户比例,一梯四户,供暖方式,集中供暖
所在区域,金州区,房屋总价,56,房屋户型,1室1厅1卫,所在楼层,中楼层 (共7层),建筑面积,51.77O,户型结构,平层,建筑类型,板楼,房屋朝向,南,建筑结构,未知结构,装修情况,其他,梯户比例,一梯三户,供暖方式,集中供暖
所在区域,金州区,房屋总价,82,房屋户型,2室1厅1卫,所在楼层,中楼层 (共6层),建筑面积,91.36O,户型结构,平层,套内面积,91O,建筑类型,板楼,房屋朝向,南 北,建筑结构,钢混结构,装修情况,精装,梯户比例,一梯两户,供暖方式,集中供暖
所在区域,金州区,房屋总价,64,房屋户型,2室1厅1卫,所在楼层,中楼层 (共8层),建筑面积,70.8O,户型结构,平层,建筑类型,板楼,房屋朝向,南 北,建筑结构,钢混结构,装修情况,其他,梯户比例,一梯四户,供暖方式,集中供暖
所在区域,金州区,房屋总价,50,房屋户型,1室1厅1卫,所在楼层,中楼层 (共6层),建筑面积,47.9O,户型结构,平层,建筑类型,板楼,房屋朝向,南,建筑结构,框架结构,装修情况,精装,梯户比例,一梯三户,供暖方式,集中供暖
所在区域,金州区,房屋总价,49.5,房屋户型,2室1厅1卫,所在楼层,中楼层 (共5层),建筑面积,63.15O,户型结构,平层,建筑类型,板楼,房屋朝向,南,建筑结构,钢混结构,装修情况,简装,梯户比例,一梯三户,供暖方式,集中供暖
所在区域,金州区,房屋总价,52.8,房屋户型,2室1厅1卫,所在楼层,高楼层 (共16层),建筑面积,55.8O,户型结构,平层,套内面积,55O,建筑类型,板楼,房屋朝向,南,建筑结构,钢混结构,装修情况,精装,梯户比例,一梯四户,供暖方式,集中供暖,配备电梯,有
所在区域,金州区,房屋总价,52,房屋户型,2室1厅1卫,所在楼层,中楼层 (共5层),建筑面积,51O,户型结构,平层,建筑类型,板楼,房屋朝向,南 北,建筑结构,钢混结构,装修情况,其他,梯户比例,一梯三户,供暖方式,集中供暖,配备电梯,有
所在区域,金州区,房屋总价,55,房屋户型,1室1厅1卫,所在楼层,高楼层 (共31层),建筑面积,50.92O,户型结构,平层,建筑类型,塔楼,房屋朝向,北,建筑结构,框架结构,装修情况,精装,梯户比例,两梯九户,供暖方式,集中供暖,配备电梯,有
所在区域,金州区,房屋总价,68,房屋户型,2室1厅1卫,所在楼层,高楼层 (共6层),建筑面积,57.69O,户型结构,平层,建筑类型,板楼,房屋朝向,南 北,建筑结构,钢混结构,装修情况,其他,梯户比例,一梯三户,供暖方式,集中供暖
所在区域,金州区,房屋总价,52.8,房屋户型,1室1厅1卫,所在楼层,低楼层 (共8层),建筑面积,61.07O,户型结构,平层,建筑类型,板楼,房屋朝向,南,建筑结构,钢混结构,装修情况,精装,梯户比例,一梯三户,供暖方式,集中供暖,配备电梯,有
所在区域,金州区,房屋总价,49,房屋户型,2室1厅1卫,所在楼层,高楼层 (共7层),建筑面积,62.85O,户型结构,平层,建筑类型,板楼,房屋朝向,南,建筑结构,混合结构,装修情况,其他,梯户比例,一梯三户,供暖方式,集中供暖
所在区域,金州区,房屋总价,73,房屋户型,3室1厅1卫,所在楼层,低楼层 (共6层),建筑面积,73.36O,户型结构,平层,建筑类型,板楼,房屋朝向,南 北,建筑结构,钢混结构,装修情况,精装,梯户比例,一梯三户,供暖方式,集中供暖
所在区域,金州区,房屋总价,55,房屋户型,2室1厅1卫,所在楼层,高楼层 (共6层),建筑面积,65.09O,户型结构,平层,建筑类型,板楼,房屋朝向,南 北,建筑结构,框架结构,装修情况,精装,梯户比例,一梯三户,供暖方式,集中供暖
所在区域,金州区,房屋总价,29.5,房屋户型,1室1厅1卫,所在楼层,高楼层 (共6层),建筑面积,34.85O,户型结构,平层,建筑类型,板楼,房屋朝向,南,建筑结构,砖混结构,装修情况,精装,梯户比例,一梯四户,供暖方式,集中供暖
所在区域,金州区,房屋总价,65,房屋户型,1室1厅1卫,所在楼层,高楼层 (共7层),建筑面积,51.74O,户型结构,平层,建筑类型,板楼,房屋朝向,南,建筑结构,砖混结构,装修情况,简装,梯户比例,一梯三户,供暖方式,集中供暖
所在区域,金州区,房屋总价,90,房屋户型,3室2厅1卫,所在楼层,中楼层 (共18层),建筑面积,89.39O,户型结构,平层,建筑类型,板楼,房屋朝向,南 北,建筑结构,框架结构,装修情况,简装,梯户比例,一梯两户,供暖方式,集中供暖
所在区域,金州区,房屋总价,124,房屋户型,3室2厅2卫,所在楼层,中楼层 (共7层),建筑面积,113.29O,户型结构,平层,建筑类型,板楼,房屋朝向,南 北,建筑结构,钢混结构,装修情况,毛坯,梯户比例,一梯三户,供暖方式,集中供暖,配备电梯,有
所在区域,金州区,房屋总价,76,房屋户型,2室1厅1卫,所在楼层,高楼层 (共17层),建筑面积,75.81O,户型结构,平层,建筑类型,板楼,房屋朝向,南 北,建筑结构,钢混结构,装修情况,精装,梯户比例,两梯三户,供暖方式,集中供暖,配备电梯,有
所在区域,金州区,房屋总价,48,房屋户型,2室1厅1卫,所在楼层,高楼层 (共7层),建筑面积,53.1O,户型结构,平层,套内面积,50O,建筑类型,板楼,房屋朝向,南 北,建筑结构,砖混结构,装修情况,其他,梯户比例,一梯四户,供暖方式,集中供暖
所在区域,金州区,房屋总价,27.7,房屋户型,1室1厅1卫,所在楼层,中楼层 (共8层),建筑面积,39.37O,户型结构,平层,套内面积,39.3O,建筑类型,板楼,房屋朝向,南,建筑结构,钢混结构,装修情况,简装,梯户比例,一梯四户,供暖方式,集中供暖
所在区域,金州区,房屋总价,104,房屋户型,3室2厅1卫,所在楼层,低楼层 (共32层),建筑面积,93.08O,户型结构,平层,建筑类型,塔楼,房屋朝向,南 北,建筑结构,钢混结构,装修情况,精装,梯户比例,一梯一户,供暖方式,自供暖
所在区域,金州区,房屋总价,88,房屋户型,2室1厅1卫,所在楼层,中楼层 (共33层),建筑面积,73.45O,户型结构,平层,建筑类型,板楼,房屋朝向,南,建筑结构,钢混结构,装修情况,其他,梯户比例,两梯五户,供暖方式,集中供暖,配备电梯,有
所在区域,金州区,房屋总价,50,房屋户型,2室1厅1卫,所在楼层,高楼层 (共6层),建筑面积,56O,户型结构,平层,建筑类型,板塔结合,房屋朝向,南,建筑结构,混合结构,装修情况,简装,梯户比例,一梯两户,供暖方式,集中供暖
所在区域,金州区,房屋总价,97,房屋户型,3室1厅1卫,所在楼层,中楼层 (共29层),建筑面积,114.69O,户型结构,平层,建筑类型,板楼,房屋朝向,南 北,建筑结构,钢混结构,装修情况,精装,梯户比例,两梯三户,供暖方式,集中供暖,配备电梯,有
所在区域,金州区,房屋总价,112,房屋户型,2室1厅1卫,所在楼层,中楼层 (共5层),建筑面积,95.14O,户型结构,平层,建筑类型,板楼,房屋朝向,南 北,建筑结构,框架结构,装修情况,精装,梯户比例,一梯两户,供暖方式,集中供暖
所在区域,金州区,房屋总价,103,房屋户型,3室2厅1卫,所在楼层,低楼层 (共28层),建筑面积,96.82O,户型结构,平层,套内面积,75.35O,建筑类型,暂无数据,房屋朝向,南 北,建筑结构,框架结构,装修情况,其他,梯户比例,两梯四户,供暖方式,集中供暖,配备电梯,有
所在区域,金州区,房屋总价,95,房屋户型,3室2厅1卫,所在楼层,低楼层 (共29层),建筑面积,114.77O,户型结构,平层,建筑类型,板楼,房屋朝向,南 北,建筑结构,钢混结构,装修情况,其他,梯户比例,一梯四户,供暖方式,集中供暖,配备电梯,有
所在区域,金州区,房屋总价,69,房屋户型,2室1厅1卫,所在楼层,低楼层 (共24层),建筑面积,73.04O,户型结构,平层,套内面积,73.04O,建筑类型,塔楼,房屋朝向,南 北,建筑结构,钢混结构,装修情况,精装,梯户比例,两梯六户,供暖方式,集中供暖,配备电梯,有
所在区域,金州区,房屋总价,69.8,房屋户型,2室1厅1卫,所在楼层,中楼层 (共6层),建筑面积,72.23O,户型结构,平层,建筑类型,板楼,房屋朝向,南 北,建筑结构,钢混结构,装修情况,简装,梯户比例,一梯两户,供暖方式,集中供暖
所在区域,金州区,房屋总价,39.8,房屋户型,1室1厅1卫,所在楼层,中楼层 (共6层),建筑面积,41O,户型结构,平层,套内面积,39O,建筑类型,板楼,房屋朝向,南,建筑结构,混合结构,装修情况,精装,梯户比例,一梯四户,供暖方式,集中供暖
所在区域,金州区,房屋总价,88,房屋户型,3室1厅1卫,所在楼层,低楼层 (共18层),建筑面积,99.17O,户型结构,平层,建筑类型,塔楼,房屋朝向,南 西 北,建筑结构,框架结构,装修情况,其他,梯户比例,一梯两户,供暖方式,集中供暖,配备电梯,有
所在区域,金州区,房屋总价,85,房屋户型,2室1厅1卫,所在楼层,低楼层 (共1层),建筑面积,90.2O,户型结构,平层,建筑类型,暂无数据,房屋朝向,南 北,建筑结构,未知结构,装修情况,简装,梯户比例,一梯一户
所在区域,金州区,房屋总价,68,房屋户型,2室1厅1卫,所在楼层,低楼层 (共24层),建筑面积,72.44O,户型结构,平层,建筑类型,板楼,房屋朝向,南 北,建筑结构,框架结构,装修情况,简装,梯户比例,两梯八户,供暖方式,集中供暖,配备电梯,有
所在区域,金州区,房屋总价,53,房屋户型,2室2厅1卫,所在楼层,低楼层 (共3层),建筑面积,80.6O,户型结构,平层,建筑类型,暂无数据,房屋朝向,南 北,建筑结构,未知结构,装修情况,其他,梯户比例,一梯两户,供暖方式,集中供暖
所在区域,金州区,房屋总价,52,房屋户型,2室1厅1卫,所在楼层,高楼层 (共6层),建筑面积,48.75O,户型结构,平层,套内面积,48O,建筑类型,板楼,房屋朝向,南 北,建筑结构,砖混结构,装修情况,其他,梯户比例,一梯三户,供暖方式,集中供暖
所在区域,金州区,房屋总价,77,房屋户型,2室1厅1卫,所在楼层,高楼层 (共18层),建筑面积,80.88O,户型结构,平层,建筑类型,板楼,房屋朝向,南 北,建筑结构,钢混结构,装修情况,简装,梯户比例,一梯三户,供暖方式,集中供暖,配备电梯,有
所在区域,金州区,房屋总价,124,房屋户型,2室1厅1卫,所在楼层,高楼层 (共8层),建筑面积,74.11O,户型结构,平层,建筑类型,板楼,房屋朝向,南,建筑结构,钢混结构,装修情况,毛坯,梯户比例,一梯三户,供暖方式,集中供暖,配备电梯,有
所在区域,金州区,房屋总价,120,房屋户型,3室2厅2卫,所在楼层,中楼层 (共7层),建筑面积,106.17O,户型结构,平层,建筑类型,板楼,房屋朝向,南 北,建筑结构,框架结构,装修情况,毛坯,梯户比例,一梯一户,供暖方式,集中供暖,配备电梯,有
所在区域,金州区,房屋总价,58.2,房屋户型,2室1厅1卫,所在楼层,高楼层 (共5层),建筑面积,57.54O,户型结构,平层,建筑类型,板楼,房屋朝向,南 北,建筑结构,钢混结构,装修情况,精装,梯户比例,一梯两户,供暖方式,集中供暖,配备电梯,有
所在区域,金州区,房屋总价,78,房屋户型,1室1厅1卫,所在楼层,低楼层 (共28层),建筑面积,61.33O,户型结构,平层,建筑类型,板楼,房屋朝向,南,建筑结构,钢混结构,装修情况,简装,梯户比例,两梯六户,供暖方式,集中供暖,配备电梯,有
所在区域,金州区,房屋总价,139,房屋户型,3室1厅1卫,所在楼层,低楼层 (共11层),建筑面积,108.35O,户型结构,平层,建筑类型,板楼,房屋朝向,南 北,建筑结构,钢混结构,装修情况,其他,梯户比例,一梯两户,供暖方式,集中供暖,配备电梯,有
所在区域,金州区,房屋总价,72.5,房屋户型,2室1厅1卫,所在楼层,中楼层 (共6层),建筑面积,71.74O,户型结构,平层,建筑类型,板楼,房屋朝向,南 北,建筑结构,钢混结构,装修情况,精装,梯户比例,一梯三户,供暖方式,集中供暖
所在区域,金州区,房屋总价,120,房屋户型,3室2厅1卫,所在楼层,中楼层 (共7层),建筑面积,123.67O,户型结构,平层,建筑类型,板楼,房屋朝向,南 北,建筑结构,框架结构,装修情况,简装,梯户比例,一梯两户,供暖方式,集中供暖
所在区域,金州区,房屋总价,54,房屋户型,2室2厅0卫,所在楼层,高楼层 (共6层),建筑面积,51O,户型结构,平层,建筑类型,板楼,房屋朝向,南 北,建筑结构,砖木结构,装修情况,精装,梯户比例,十五梯四户,供暖方式,集中供暖,配备电梯,有
所在区域,金州区,房屋总价,98,房屋户型,2室2厅1卫,所在楼层,中楼层 (共34层),建筑面积,78.99O,户型结构,平层,建筑类型,板楼,房屋朝向,南,建筑结构,钢混结构,装修情况,精装,梯户比例,两梯四户,供暖方式,集中供暖,配备电梯,有
所在区域,金州区,房屋总价,66,房屋户型,2室1厅1卫,所在楼层,低楼层 (共29层),建筑面积,82.44O,户型结构,平层,建筑类型,板楼,房屋朝向,南,建筑结构,钢混结构,装修情况,简装,梯户比例,两梯四户,供暖方式,集中供暖,配备电梯,有
所在区域,金州区,房屋总价,46,房屋户型,1室1厅1卫,所在楼层,高楼层 (共17层),建筑面积,41.87O,户型结构,平层,建筑类型,板楼,房屋朝向,南,建筑结构,框架结构,装修情况,精装,梯户比例,两梯四户,供暖方式,集中供暖,配备电梯,有
所在区域,金州区,房屋总价,51.8,房屋户型,1室1厅1卫,所在楼层,高楼层 (共15层),建筑面积,52.43O,户型结构,平层,建筑类型,板楼,房屋朝向,南,建筑结构,框架结构,装修情况,其他,梯户比例,一梯四户,供暖方式,集中供暖,配备电梯,有
所在区域,金州区,房屋总价,145,房屋户型,2室1厅1卫,所在楼层,低楼层 (共32层),建筑面积,85.55O,户型结构,平层,建筑类型,板楼,房屋朝向,东南,建筑结构,框架结构,装修情况,其他,梯户比例,两梯八户,供暖方式,集中供暖,配备电梯,有
所在区域,金州区,房屋总价,145,房屋户型,3室2厅1卫,所在楼层,低楼层 (共34层),建筑面积,97.08O,户型结构,平层,建筑类型,板楼,房屋朝向,南 北,建筑结构,钢混结构,装修情况,精装,梯户比例,一梯两户,供暖方式,集中供暖
所在区域,金州区,房屋总价,33.8,房屋户型,1室1厅1卫,所在楼层,高楼层 (共8层),建筑面积,42.4O,户型结构,平层,建筑类型,板楼,房屋朝向,南,建筑结构,钢混结构,装修情况,精装,梯户比例,一梯四户,供暖方式,集中供暖
所在区域,金州区,房屋总价,123.8,房屋户型,3室2厅1卫,所在楼层,高楼层 (共32层),建筑面积,93.45O,户型结构,平层,建筑类型,板楼,房屋朝向,南 北,建筑结构,钢混结构,装修情况,精装,梯户比例,一梯四户,供暖方式,集中供暖,配备电梯,有
所在区域,金州区,房屋总价,58.7,房屋户型,2室1厅1卫,所在楼层,低楼层 (共29层),建筑面积,68.28O,户型结构,平层,套内面积,68.28O,建筑类型,板楼,房屋朝向,南,建筑结构,钢混结构,装修情况,其他,梯户比例,两梯三户,供暖方式,集中供暖,配备电梯,有
所在区域,金州区,房屋总价,53,房屋户型,2室1厅1卫,所在楼层,中楼层 (共6层),建筑面积,71.1O,户型结构,平层,建筑类型,板楼,房屋朝向,南 北,建筑结构,钢混结构,装修情况,简装,梯户比例,一梯三户,供暖方式,集中供暖
所在区域,金州区,房屋总价,78,房屋户型,2室1厅1卫,所在楼层,低楼层 (共25层),建筑面积,104.43O,户型结构,平层,建筑类型,板楼,房屋朝向,南 北,建筑结构,钢混结构,装修情况,毛坯,梯户比例,两梯两户,供暖方式,集中供暖,配备电梯,有
所在区域,金州区,房屋总价,73.8,房屋户型,2室1厅1卫,所在楼层,中楼层 (共7层),建筑面积,79.06O,户型结构,平层,建筑类型,板楼,房屋朝向,南 北,建筑结构,钢混结构,装修情况,简装,梯户比例,一梯两户,供暖方式,集中供暖
所在区域,金州区,房屋总价,24,房屋户型,2室1厅1卫,所在楼层,高楼层 (共6层),建筑面积,65.97O,户型结构,平层,建筑类型,暂无数据,房屋朝向,南 北,建筑结构,未知结构,装修情况,其他,梯户比例,一梯一户
所在区域,金州区,房屋总价,37,房屋户型,1室1厅1卫,所在楼层,高楼层 (共12层),建筑面积,64.97O,户型结构,平层,建筑类型,暂无数据,房屋朝向,南,建筑结构,未知结构,装修情况,其他,梯户比例,一梯一户
所在区域,金州区,房屋总价,41,房屋户型,1室1厅1卫,所在楼层,中楼层 (共6层),建筑面积,35O,户型结构,平层,套内面积,35O,建筑类型,板楼,房屋朝向,南,建筑结构,混合结构,装修情况,简装,梯户比例,一梯三户,供暖方式,集中供暖
所在区域,金州区,房屋总价,54,房屋户型,2室1厅1卫,所在楼层,中楼层 (共5层),建筑面积,54O,户型结构,平层,建筑类型,板楼,房屋朝向,南,建筑结构,钢混结构,装修情况,简装,梯户比例,一梯三户,供暖方式,集中供暖
所在区域,金州区,房屋总价,40,房屋户型,1室1厅1卫,所在楼层,中楼层 (共28层),建筑面积,55.02O,户型结构,平层,套内面积,55.02O,建筑类型,板楼,房屋朝向,西南,建筑结构,钢混结构,装修情况,简装,梯户比例,两梯十二户,供暖方式,集中供暖,配备电梯,有
所在区域,金州区,房屋总价,96,房屋户型,2室1厅1卫,所在楼层,中楼层 (共28层),建筑面积,83.72O,户型结构,平层,建筑类型,板楼,房屋朝向,南,建筑结构,钢混结构,装修情况,精装,梯户比例,两梯三户,供暖方式,集中供暖,配备电梯,有
所在区域,金州区,房屋总价,58.5,房屋户型,2室1厅1卫,所在楼层,高楼层 (共6层),建筑面积,58.5O,户型结构,平层,建筑类型,暂无数据,房屋朝向,南 北,建筑结构,未知结构,装修情况,精装,梯户比例,一梯三户
所在区域,金州区,房屋总价,69,房屋户型,2室2厅1卫,所在楼层,高楼层 (共4层),建筑面积,72.86O,户型结构,平层,建筑类型,板楼,房屋朝向,南 北,建筑结构,钢混结构,装修情况,精装,梯户比例,一梯三户,供暖方式,集中供暖
所在区域,金州区,房屋总价,64,房屋户型,2室1厅1卫,所在楼层,中楼层 (共5层),建筑面积,54O,户型结构,平层,建筑类型,暂无数据,房屋朝向,南 北,建筑结构,未知结构,装修情况,精装,梯户比例,一梯四户,供暖方式,集中供暖
所在区域,金州区,房屋总价,46,房屋户型,2室1厅1卫,所在楼层,高楼层 (共4层),建筑面积,62.7O,户型结构,平层,建筑类型,板楼,房屋朝向,西,建筑结构,砖混结构,装修情况,简装,梯户比例,两梯三户,供暖方式,集中供暖,配备电梯,有
所在区域,金州区,房屋总价,63,房屋户型,1室1厅1卫,所在楼层,中楼层 (共6层),建筑面积,52.12O,户型结构,平层,建筑类型,板楼,房屋朝向,南,建筑结构,框架结构,装修情况,其他,梯户比例,一梯三户,供暖方式,集中供暖,配备电梯,有
所在区域,金州区,房屋总价,60.5,房屋户型,1室1厅1卫,所在楼层,中楼层 (共30层),建筑面积,60.19O,户型结构,平层,建筑类型,板楼,房屋朝向,南,建筑结构,框架结构,装修情况,精装,梯户比例,两梯四户,供暖方式,集中供暖,配备电梯,有
所在区域,金州区,房屋总价,59.4,房屋户型,2室1厅1卫,所在楼层,中楼层 (共5层),建筑面积,62.23O,户型结构,平层,建筑类型,板楼,房屋朝向,南 北,建筑结构,钢混结构,装修情况,精装,梯户比例,一梯三户,供暖方式,集中供暖
所在区域,金州区,房屋总价,70,房屋户型,2室2厅1卫,所在楼层,高楼层 (共5层),建筑面积,71.44O,户型结构,平层,建筑类型,板楼,房屋朝向,南 北,建筑结构,钢混结构,装修情况,精装,梯户比例,一梯两户,供暖方式,集中供暖
所在区域,金州区,房屋总价,83,房屋户型,2室2厅1卫,所在楼层,中楼层 (共6层),建筑面积,85.5O,户型结构,平层,建筑类型,板楼,房屋朝向,南 北,建筑结构,钢混结构,装修情况,简装,梯户比例,一梯三户,供暖方式,集中供暖
所在区域,金州区,房屋总价,179.8,房屋户型,4室2厅2卫,所在楼层,中楼层 (共9层),建筑面积,131O,户型结构,平层,建筑类型,板楼,房屋朝向,南 北,建筑结构,钢混结构,装修情况,精装,梯户比例,一梯两户,供暖方式,集中供暖
所在区域,金州区,房屋总价,138,房屋户型,3室2厅2卫,所在楼层,高楼层 (共33层),建筑面积,107.47O,户型结构,平层,建筑类型,板楼,房屋朝向,南 北,建筑结构,钢混结构,装修情况,精装,梯户比例,三梯两户,供暖方式,集中供暖,配备电梯,有
所在区域,金州区,房屋总价,54.8,房屋户型,1室1厅1卫,所在楼层,中楼层 (共12层),建筑面积,53.23O,户型结构,平层,建筑类型,板楼,房屋朝向,南,建筑结构,钢混结构,装修情况,其他,梯户比例,一梯四户,供暖方式,集中供暖,配备电梯,有
所在区域,金州区,房屋总价,79,房屋户型,2室2厅1卫,所在楼层,低楼层 (共18层),建筑面积,86.78O,户型结构,平层,建筑类型,板楼,房屋朝向,南 北,建筑结构,钢混结构,装修情况,其他,梯户比例,一梯三户,供暖方式,集中供暖,配备电梯,有
所在区域,金州区,房屋总价,119,房屋户型,3室1厅1卫,所在楼层,低楼层 (共6层),建筑面积,122O,户型结构,平层,套内面积,122O,建筑类型,板楼,房屋朝向,南 北,建筑结构,混合结构,装修情况,简装,梯户比例,一梯三户,供暖方式,集中供暖
所在区域,金州区,房屋总价,94,房屋户型,2室2厅1卫,所在楼层,中楼层 (共6层),建筑面积,83.52O,户型结构,平层,建筑类型,板楼,房屋朝向,东南 北,建筑结构,钢混结构,装修情况,精装,梯户比例,一梯三户,供暖方式,集中供暖
所在区域,金州区,房屋总价,78,房屋户型,2室1厅1卫,所在楼层,高楼层 (共18层),建筑面积,80.45O,户型结构,平层,套内面积,65.11O,建筑类型,板楼,房屋朝向,南 北,建筑结构,钢混结构,装修情况,其他,梯户比例,一梯四户,供暖方式,集中供暖
所在区域,金州区,房屋总价,48,房屋户型,2室1厅1卫,所在楼层,高楼层 (共18层),建筑面积,62O,户型结构,平层,建筑类型,板楼,房屋朝向,南,建筑结构,框架结构,装修情况,精装,梯户比例,十二梯四户,供暖方式,集中供暖,配备电梯,有
所在区域,金州区,房屋总价,130,房屋户型,3室2厅2卫,所在楼层,中楼层 (共7层),建筑面积,119.12O,户型结构,平层,建筑类型,塔楼,房屋朝向,南 北,建筑结构,框架结构,装修情况,其他,梯户比例,一梯一户,供暖方式,集中供暖
所在区域,金州区,房屋总价,50,房屋户型,2室1厅1卫,所在楼层,高楼层 (共6层),建筑面积,51O,户型结构,平层,建筑类型,板楼,房屋朝向,南 北,建筑结构,钢混结构,装修情况,简装,梯户比例,一梯三户,供暖方式,集中供暖
所在区域,金州区,房屋总价,130,房屋户型,2室1厅1卫,所在楼层,高楼层 (共28层),建筑面积,83.86O,户型结构,平层,建筑类型,板楼,房屋朝向,南,建筑结构,钢混结构,装修情况,精装,梯户比例,两梯九户,供暖方式,集中供暖,配备电梯,有
所在区域,金州区,房屋总价,61,房屋户型,2室1厅1卫,所在楼层,高楼层 (共6层),建筑面积,54O,户型结构,平层,建筑类型,板楼,房屋朝向,南 北,建筑结构,混合结构,装修情况,简装,梯户比例,一梯四户,供暖方式,集中供暖
所在区域,金州区,房屋总价,45.9,房屋户型,2室1厅1卫,所在楼层,高楼层 (共10层),建筑面积,56.93O,户型结构,平层,建筑类型,板楼,房屋朝向,南,建筑结构,钢混结构,装修情况,简装,梯户比例,一梯四户,供暖方式,集中供暖
所在区域,金州区,房屋总价,27.8,房屋户型,1室0厅1卫,所在楼层,低楼层 (共24层),建筑面积,35.03O,户型结构,平层,建筑类型,塔楼,房屋朝向,南 北,建筑结构,钢混结构,装修情况,精装,梯户比例,两梯二十七户,供暖方式,集中供暖,配备电梯,有
所在区域,金州区,房屋总价,29.6,房屋户型,1室1厅1卫,所在楼层,低楼层 (共24层),建筑面积,36.95O,户型结构,平层,建筑类型,塔楼,房屋朝向,北,建筑结构,钢混结构,装修情况,精装,梯户比例,两梯二十七户,供暖方式,集中供暖,配备电梯,有
所在区域,金州区,房屋总价,27.9,房屋户型,1室0厅1卫,所在楼层,低楼层 (共24层),建筑面积,35.03O,户型结构,平层,建筑类型,塔楼,房屋朝向,东北,建筑结构,钢混结构,装修情况,精装,梯户比例,两梯二十七户,供暖方式,集中供暖,配备电梯,有
所在区域,金州区,房屋总价,58,房屋户型,1室1厅1卫,所在楼层,中楼层 (共32层),建筑面积,45.82O,户型结构,平层,建筑类型,板楼,房屋朝向,南,建筑结构,框架结构,装修情况,精装,梯户比例,两梯四户,供暖方式,集中供暖,配备电梯,有
所在区域,金州区,房屋总价,51,房屋户型,2室1厅1卫,所在楼层,高楼层 (共5层),建筑面积,65.64O,户型结构,平层,套内面积,65.64O,建筑类型,板塔结合,房屋朝向,南 北,建筑结构,框架结构,装修情况,其他,梯户比例,一梯三户,供暖方式,集中供暖
所在区域,金州区,房屋总价,35,房屋户型,1室1厅1卫,所在楼层,中楼层 (共7层),建筑面积,42.61O,户型结构,平层,建筑类型,板楼,房屋朝向,南,建筑结构,砖混结构,装修情况,简装,梯户比例,一梯四户,供暖方式,集中供暖
所在区域,金州区,房屋总价,116,房屋户型,2室1厅1卫,所在楼层,低楼层 (共32层),建筑面积,89.71O,户型结构,平层,建筑类型,板楼,房屋朝向,南 北,建筑结构,框架结构,装修情况,精装,梯户比例,两梯四户,供暖方式,集中供暖,配备电梯,有
所在区域,金州区,房屋总价,78,房屋户型,2室1厅1卫,所在楼层,高楼层 (共29层),建筑面积,82.96O,户型结构,平层,建筑类型,板楼,房屋朝向,南,建筑结构,钢混结构,装修情况,简装,梯户比例,两梯三户,供暖方式,集中供暖,配备电梯,有
所在区域,金州区,房屋总价,88,房屋户型,2室2厅1卫,所在楼层,高楼层 (共6层),建筑面积,89.58O,户型结构,暂无数据,建筑类型,板楼,房屋朝向,南 北,建筑结构,钢混结构,装修情况,简装,梯户比例,一梯两户,供暖方式,集中供暖
所在区域,金州区,房屋总价,79,房屋户型,2室2厅1卫,所在楼层,中楼层 (共19层),建筑面积,77.88O,户型结构,平层,建筑类型,板楼,房屋朝向,南 北,建筑结构,框架结构,装修情况,精装,梯户比例,一梯四户,供暖方式,集中供暖,配备电梯,有
所在区域,金州区,房屋总价,117,房屋户型,2室2厅1卫,所在楼层,中楼层 (共7层),建筑面积,77.19O,户型结构,平层,建筑类型,板楼,房屋朝向,南 北,建筑结构,框架结构,装修情况,精装,梯户比例,一梯两户,供暖方式,集中供暖
所在区域,金州区,房屋总价,93,房屋户型,2室1厅1卫,所在楼层,中楼层 (共34层),建筑面积,77.59O,户型结构,平层,建筑类型,板楼,房屋朝向,南 西,建筑结构,钢混结构,装修情况,精装,梯户比例,两梯五户,供暖方式,集中供暖,配备电梯,有
所在区域,金州区,房屋总价,63.5,房屋户型,2室1厅1卫,所在楼层,高楼层 (共31层),建筑面积,65.49O,户型结构,平层,建筑类型,板楼,房屋朝向,东北,建筑结构,框架结构,装修情况,简装,梯户比例,两梯九户,供暖方式,集中供暖,配备电梯,有
所在区域,金州区,房屋总价,60,房屋户型,2室2厅1卫,所在楼层,高楼层 (共7层),建筑面积,84O,户型结构,平层,建筑类型,板楼,房屋朝向,南 北,建筑结构,砖混结构,装修情况,简装,梯户比例,一梯两户,供暖方式,集中供暖
所在区域,金州区,房屋总价,58,房屋户型,1室1厅1卫,所在楼层,中楼层 (共26层),建筑面积,53.46O,户型结构,平层,建筑类型,板楼,房屋朝向,南,建筑结构,框架结构,装修情况,精装,梯户比例,两梯四户,供暖方式,集中供暖,配备电梯,有
所在区域,金州区,房屋总价,69,房屋户型,2室1厅1卫,所在楼层,高楼层 (共6层),建筑面积,60O,户型结构,平层,建筑类型,板楼,房屋朝向,南 北,建筑结构,砖混结构,装修情况,精装,梯户比例,一梯五户,供暖方式,集中供暖
所在区域,金州区,房屋总价,85,房屋户型,2室1厅1卫,所在楼层,低楼层 (共11层),建筑面积,87O,户型结构,平层,建筑类型,板楼,房屋朝向,南 北,建筑结构,钢混结构,装修情况,精装,梯户比例,一梯两户,供暖方式,集中供暖,配备电梯,有
所在区域,金州区,房屋总价,73,房屋户型,2室1厅1卫,所在楼层,中楼层 (共7层),建筑面积,76.8O,户型结构,平层,建筑类型,板楼,房屋朝向,南 北,建筑结构,钢混结构,装修情况,简装,梯户比例,一梯四户,供暖方式,集中供暖
所在区域,金州区,房屋总价,36,房屋户型,2室1厅1卫,所在楼层,高楼层 (共6层),建筑面积,52O,户型结构,平层,套内面积,50O,建筑类型,板楼,房屋朝向,南 西 北,建筑结构,砖混结构,装修情况,简装,梯户比例,一梯三户,供暖方式,集中供暖
所在区域,金州区,房屋总价,45,房屋户型,1室1厅1卫,所在楼层,低楼层 (共19层),建筑面积,47.51O,户型结构,平层,建筑类型,板楼,房屋朝向,南,建筑结构,钢混结构,装修情况,其他,梯户比例,一梯四户,供暖方式,集中供暖,配备电梯,有
所在区域,金州区,房屋总价,62.8,房屋户型,3室1厅1卫,所在楼层,低楼层 (共11层),建筑面积,71.1O,户型结构,平层,建筑类型,板楼,房屋朝向,南 北,建筑结构,钢混结构,装修情况,精装,梯户比例,一梯两户,供暖方式,集中供暖
所在区域,金州区,房屋总价,72,房屋户型,2室1厅1卫,所在楼层,中楼层 (共17层),建筑面积,89.94O,户型结构,平层,建筑类型,板塔结合,房屋朝向,南 北,建筑结构,框架结构,装修情况,其他,梯户比例,两梯四户,供暖方式,集中供暖,配备电梯,有
所在区域,金州区,房屋总价,59,房屋户型,2室1厅1卫,所在楼层,高楼层 (共7层),建筑面积,63.2O,户型结构,平层,建筑类型,板楼,房屋朝向,南,建筑结构,混合结构,装修情况,精装,梯户比例,一梯三户,供暖方式,集中供暖
所在区域,金州区,房屋总价,95.6,房屋户型,2室1厅1卫,所在楼层,中楼层 (共7层),建筑面积,86.65O,户型结构,平层,建筑类型,板楼,房屋朝向,南 北,建筑结构,钢混结构,装修情况,精装,梯户比例,一梯两户,供暖方式,集中供暖
所在区域,金州区,房屋总价,88,房屋户型,2室1厅1卫,所在楼层,中楼层 (共6层),建筑面积,104.41O,户型结构,平层,建筑类型,板楼,房屋朝向,南 北,建筑结构,钢混结构,装修情况,精装,梯户比例,一梯一户,供暖方式,集中供暖,配备电梯,有
所在区域,金州区,房屋总价,63.5,房屋户型,2室1厅1卫,所在楼层,中楼层 (共5层),建筑面积,57.07O,户型结构,平层,建筑类型,板楼,房屋朝向,南 北,建筑结构,混合结构,装修情况,精装,梯户比例,一梯三户,供暖方式,集中供暖
所在区域,金州区,房屋总价,76.7,房屋户型,2室1厅1卫,所在楼层,低楼层 (共18层),建筑面积,79.64O,户型结构,平层,建筑类型,板楼,房屋朝向,南 北,建筑结构,钢混结构,装修情况,简装,梯户比例,三梯三户,供暖方式,集中供暖,配备电梯,有
所在区域,金州区,房屋总价,88.6,房屋户型,2室1厅1卫,所在楼层,低楼层 (共24层),建筑面积,79.71O,户型结构,平层,建筑类型,板楼,房屋朝向,南,建筑结构,钢混结构,装修情况,精装,梯户比例,两梯五户,供暖方式,集中供暖,配备电梯,有
所在区域,金州区,房屋总价,138,房屋户型,3室2厅1卫,所在楼层,高楼层 (共25层),建筑面积,118.56O,户型结构,平层,建筑类型,板楼,房屋朝向,南 北,建筑结构,框架结构,装修情况,精装,梯户比例,一梯四户,供暖方式,集中供暖,配备电梯,有
所在区域,金州区,房屋总价,140,房屋户型,3室2厅2卫,所在楼层,中楼层 (共6层),建筑面积,137.98O,户型结构,平层,建筑类型,板楼,房屋朝向,南 北,建筑结构,钢混结构,装修情况,简装,梯户比例,一梯两户,供暖方式,集中供暖
所在区域,金州区,房屋总价,75,房屋户型,2室1厅1卫,所在楼层,高楼层 (共6层),建筑面积,85O,户型结构,平层,建筑类型,板楼,房屋朝向,南 北,建筑结构,钢混结构,装修情况,其他,梯户比例,一梯三户,供暖方式,集中供暖
所在区域,金州区,房屋总价,100.7,房屋户型,2室2厅1卫,所在楼层,中楼层 (共7层),建筑面积,92O,户型结构,平层,建筑类型,板楼,房屋朝向,南 北,建筑结构,钢混结构,装修情况,简装,梯户比例,一梯三户,供暖方式,集中供暖
所在区域,金州区,房屋总价,49.7,房屋户型,1室1厅1卫,所在楼层,中楼层 (共32层),建筑面积,45.82O,户型结构,平层,建筑类型,板楼,房屋朝向,南,建筑结构,框架结构,装修情况,精装,梯户比例,两梯四户,供暖方式,集中供暖,配备电梯,有
所在区域,金州区,房屋总价,36.5,房屋户型,2室1厅1卫,所在楼层,中楼层 (共6层),建筑面积,43.45O,户型结构,平层,建筑类型,板楼,房屋朝向,南 北,建筑结构,钢混结构,装修情况,简装,梯户比例,一梯三户,供暖方式,集中供暖
所在区域,金州区,房屋总价,153.7,房屋户型,4室2厅3卫,所在楼层,中楼层 (共5层),建筑面积,174.65O,户型结构,平层,建筑类型,板楼,房屋朝向,南 北,建筑结构,框架结构,装修情况,毛坯,梯户比例,一梯两户,供暖方式,集中供暖
所在区域,金州区,房屋总价,40,房屋户型,1室1厅1卫,所在楼层,中楼层 (共5层),建筑面积,40.74O,户型结构,平层,建筑类型,板楼,房屋朝向,南,建筑结构,混合结构,装修情况,精装,梯户比例,一梯三户,供暖方式,集中供暖
所在区域,金州区,房屋总价,69.6,房屋户型,2室2厅1卫,所在楼层,中楼层 (共6层),建筑面积,73.7O,户型结构,平层,建筑类型,板楼,房屋朝向,南 北,建筑结构,钢混结构,装修情况,精装,梯户比例,一梯三户,供暖方式,集中供暖
所在区域,金州区,房屋总价,79,房屋户型,2室1厅1卫,所在楼层,中楼层 (共4层),建筑面积,72.24O,户型结构,平层,套内面积,72.24O,建筑类型,板楼,房屋朝向,南 北,建筑结构,钢混结构,装修情况,精装,梯户比例,一梯三户,供暖方式,集中供暖
所在区域,金州区,房屋总价,295,房屋户型,4室2厅3卫,所在楼层,低楼层 (共6层),建筑面积,187.68O,户型结构,平层,套内面积,156.78O,建筑类型,板塔结合,房屋朝向,南 北,建筑结构,框架结构,装修情况,其他,梯户比例,一梯两户,供暖方式,集中供暖,配备电梯,有
所在区域,金州区,房屋总价,61.5,房屋户型,2室1厅1卫,所在楼层,高楼层 (共32层),建筑面积,65.21O,户型结构,平层,建筑类型,板楼,房屋朝向,西北,建筑结构,框架结构,装修情况,精装,梯户比例,两梯九户,供暖方式,集中供暖,配备电梯,有
所在区域,金州区,房屋总价,142,房屋户型,3室2厅1卫,所在楼层,中楼层 (共6层),建筑面积,99.55O,户型结构,平层,建筑类型,板楼,房屋朝向,南 北,建筑结构,钢混结构,装修情况,其他,梯户比例,一梯两户,供暖方式,集中供暖
所在区域,金州区,房屋总价,55,房屋户型,1室1厅1卫,所在楼层,低楼层 (共26层),建筑面积,53.46O,户型结构,平层,套内面积,53.46O,建筑类型,板楼,房屋朝向,南,建筑结构,框架结构,装修情况,简装,梯户比例,两梯四户,供暖方式,集中供暖,配备电梯,有
所在区域,金州区,房屋总价,135,房屋户型,3室2厅2卫,所在楼层,低楼层 (共31层),建筑面积,107.5O,户型结构,平层,建筑类型,板楼,房屋朝向,南 北,建筑结构,框架结构,装修情况,精装,梯户比例,两梯两户,供暖方式,集中供暖,配备电梯,有
所在区域,金州区,房屋总价,97,房屋户型,2室2厅1卫,所在楼层,低楼层 (共34层),建筑面积,79.25O,户型结构,平层,建筑类型,板楼,房屋朝向,南,建筑结构,钢混结构,装修情况,精装,梯户比例,两梯四户,供暖方式,集中供暖,配备电梯,有
所在区域,金州区,房屋总价,60,房屋户型,2室2厅1卫,所在楼层,高楼层 (共6层),建筑面积,89O,户型结构,平层,套内面积,85O,建筑类型,板楼,房屋朝向,南 北,建筑结构,钢混结构,装修情况,简装,梯户比例,一梯三户,供暖方式,集中供暖
所在区域,金州区,房屋总价,85,房屋户型,2室1厅1卫,所在楼层,高楼层 (共11层),建筑面积,93.15O,户型结构,平层,建筑类型,板楼,房屋朝向,南 北,建筑结构,钢混结构,装修情况,精装,梯户比例,四梯两户,供暖方式,集中供暖,配备电梯,有
所在区域,金州区,房屋总价,40,房屋户型,1室1厅1卫,所在楼层,高楼层 (共6层),建筑面积,43.97O,户型结构,平层,建筑类型,板楼,房屋朝向,南,建筑结构,框架结构,装修情况,精装,梯户比例,一梯四户,供暖方式,集中供暖
所在区域,金州区,房屋总价,149,房屋户型,3室2厅2卫,所在楼层,高楼层 (共6层),建筑面积,96.49O,户型结构,平层,建筑类型,板楼,房屋朝向,南 北,建筑结构,钢混结构,装修情况,毛坯,梯户比例,一梯两户,供暖方式,集中供暖
所在区域,金州区,房屋总价,61,房屋户型,2室1厅1卫,所在楼层,中楼层 (共7层),建筑面积,67.43O,户型结构,平层,建筑类型,板楼,房屋朝向,南,建筑结构,钢混结构,装修情况,简装,梯户比例,一梯三户,供暖方式,集中供暖
所在区域,金州区,房屋总价,48,房屋户型,1室1厅1卫,所在楼层,中楼层 (共18层),建筑面积,48.27O,户型结构,平层,建筑类型,板楼,房屋朝向,南,建筑结构,钢混结构,装修情况,精装,梯户比例,两梯九户,供暖方式,集中供暖,配备电梯,有
所在区域,金州区,房屋总价,45,房屋户型,2室1厅1卫,所在楼层,低楼层 (共30层),建筑面积,54.94O,户型结构,平层,建筑类型,塔楼,房屋朝向,南,建筑结构,钢混结构,装修情况,其他,梯户比例,三梯十二户,供暖方式,集中供暖,配备电梯,有
所在区域,金州区,房屋总价,70,房屋户型,2室1厅1卫,所在楼层,高楼层 (共7层),建筑面积,86.89O,户型结构,平层,建筑类型,板楼,房屋朝向,南 北,建筑结构,框架结构,装修情况,毛坯,梯户比例,一梯三户,供暖方式,集中供暖
所在区域,金州区,房屋总价,55,房屋户型,1室1厅1卫,所在楼层,低楼层 (共31层),建筑面积,49.66O,户型结构,平层,建筑类型,板楼,房屋朝向,南,建筑结构,钢混结构,装修情况,其他,梯户比例,两梯六户,供暖方式,集中供暖,配备电梯,有
所在区域,金州区,房屋总价,91,房屋户型,2室1厅1卫,所在楼层,高楼层 (共6层),建筑面积,75.34O,户型结构,平层,建筑类型,板楼,房屋朝向,南 北,建筑结构,钢混结构,装修情况,其他,梯户比例,一梯三户,供暖方式,集中供暖,配备电梯,有
所在区域,金州区,房屋总价,79,房屋户型,2室1厅1卫,所在楼层,中楼层 (共29层),建筑面积,91.24O,户型结构,平层,套内面积,91O,建筑类型,板楼,房屋朝向,南 北,建筑结构,钢混结构,装修情况,精装,梯户比例,两梯四户,供暖方式,集中供暖,配备电梯,有
所在区域,金州区,房屋总价,202,房屋户型,3室2厅1卫,所在楼层,中楼层 (共11层),建筑面积,118.24O,户型结构,平层,建筑类型,板楼,房屋朝向,南 北,建筑结构,框架结构,装修情况,简装,梯户比例,一梯两户,供暖方式,集中供暖,配备电梯,有
所在区域,金州区,房屋总价,68,房屋户型,1室1厅1卫,所在楼层,中楼层 (共17层),建筑面积,63.9O,户型结构,平层,建筑类型,板楼,房屋朝向,南 北,建筑结构,钢混结构,装修情况,精装,梯户比例,十梯四户,供暖方式,集中供暖,配备电梯,有
所在区域,金州区,房屋总价,130,房屋户型,3室2厅2卫,所在楼层,高楼层 (共11层),建筑面积,112.23O,户型结构,平层,建筑类型,板楼,房屋朝向,南 北,建筑结构,钢混结构,装修情况,精装,梯户比例,一梯两户,供暖方式,集中供暖,配备电梯,有
所在区域,金州区,房屋总价,43.5,房屋户型,2室1厅1卫,所在楼层,低楼层 (共6层),建筑面积,53.26O,户型结构,平层,建筑类型,板楼,房屋朝向,南 北,建筑结构,钢混结构,装修情况,精装,梯户比例,一梯三户,供暖方式,集中供暖
所在区域,金州区,房屋总价,110,房屋户型,2室1厅1卫,所在楼层,中楼层 (共11层),建筑面积,75.53O,户型结构,平层,建筑类型,板楼,房屋朝向,南 北,建筑结构,钢混结构,装修情况,精装,梯户比例,一梯四户,供暖方式,集中供暖,配备电梯,有
所在区域,金州区,房屋总价,48.8,房屋户型,2室1厅1卫,所在楼层,低楼层 (共4层),建筑面积,53.26O,户型结构,平层,建筑类型,板楼,房屋朝向,南 北,建筑结构,钢混结构,装修情况,简装,梯户比例,一梯三户,供暖方式,集中供暖
所在区域,金州区,房屋总价,58,房屋户型,2室1厅1卫,所在楼层,高楼层 (共7层),建筑面积,59O,户型结构,平层,建筑类型,板楼,房屋朝向,南,建筑结构,混合结构,装修情况,其他,梯户比例,一梯三户,供暖方式,集中供暖
所在区域,金州区,房屋总价,29,房屋户型,1室1厅1卫,所在楼层,中楼层 (共24层),建筑面积,41.77O,户型结构,平层,建筑类型,塔楼,房屋朝向,北,建筑结构,钢混结构,装修情况,简装,梯户比例,两梯六户,供暖方式,集中供暖,配备电梯,有
所在区域,金州区,房屋总价,59.5,房屋户型,2室1厅1卫,所在楼层,高楼层 (共31层),建筑面积,66.04O,户型结构,平层,建筑类型,板楼,房屋朝向,西北,建筑结构,钢混结构,装修情况,毛坯,梯户比例,两梯八户,供暖方式,集中供暖,配备电梯,有
所在区域,金州区,房屋总价,61,房屋户型,1室1厅1卫,所在楼层,低楼层 (共20层),建筑面积,58.88O,户型结构,平层,套内面积,58.88O,建筑类型,板楼,房屋朝向,南,建筑结构,框架结构,装修情况,其他,梯户比例,两梯六户,供暖方式,集中供暖,配备电梯,有
所在区域,金州区,房屋总价,45,房屋户型,2室1厅1卫,所在楼层,中楼层 (共7层),建筑面积,57.13O,户型结构,平层,建筑类型,板楼,房屋朝向,东 西,建筑结构,砖混结构,装修情况,简装,梯户比例,一梯四户,供暖方式,集中供暖
所在区域,金州区,房屋总价,52,房屋户型,2室1厅1卫,所在楼层,高楼层 (共6层),建筑面积,59.74O,户型结构,平层,建筑类型,板楼,房屋朝向,南 北,建筑结构,钢混结构,装修情况,其他,梯户比例,一梯三户,供暖方式,集中供暖
所在区域,金州区,房屋总价,36,房屋户型,2室1厅1卫,所在楼层,低楼层 (共4层),建筑面积,48.91O,户型结构,平层,建筑类型,板楼,房屋朝向,南,建筑结构,混合结构,装修情况,其他,梯户比例,一梯三户,供暖方式,集中供暖
所在区域,金州区,房屋总价,105,房屋户型,2室1厅1卫,所在楼层,中楼层 (共7层),建筑面积,82.97O,户型结构,平层,建筑类型,板楼,房屋朝向,南 北,建筑结构,框架结构,装修情况,简装,梯户比例,一梯两户,供暖方式,集中供暖
所在区域,金州区,房屋总价,44,房屋户型,2室1厅1卫,所在楼层,高楼层 (共6层),建筑面积,63O,户型结构,平层,建筑类型,板楼,房屋朝向,南 北,建筑结构,未知结构,装修情况,简装,梯户比例,一梯三户,供暖方式,集中供暖,配备电梯,有
所在区域,金州区,房屋总价,67,房屋户型,3室1厅1卫,所在楼层,高楼层 (共6层),建筑面积,77.19O,户型结构,平层,建筑类型,板楼,房屋朝向,南 北,建筑结构,钢混结构,装修情况,其他,梯户比例,一梯两户,供暖方式,集中供暖
所在区域,金州区,房屋总价,67,房屋户型,2室1厅1卫,所在楼层,中楼层 (共7层),建筑面积,83.42O,户型结构,平层,建筑类型,板楼,房屋朝向,西 东,建筑结构,砖混结构,装修情况,其他,梯户比例,一梯三户,供暖方式,集中供暖
所在区域,金州区,房屋总价,60,房屋户型,2室1厅1卫,所在楼层,低楼层 (共28层),建筑面积,58.02O,户型结构,平层,套内面积,58O,建筑类型,板楼,房屋朝向,南,建筑结构,框架结构,装修情况,精装,梯户比例,两梯四户,供暖方式,集中供暖,配备电梯,有
所在区域,金州区,房屋总价,78,房屋户型,2室1厅1卫,所在楼层,高楼层 (共29层),建筑面积,89.68O,户型结构,平层,套内面积,89.68O,建筑类型,板楼,房屋朝向,南 北,建筑结构,钢混结构,装修情况,精装,梯户比例,两梯三户,供暖方式,集中供暖,配备电梯,有
所在区域,金州区,房屋总价,55.2,房屋户型,1室1厅1卫,所在楼层,中楼层 (共7层),建筑面积,52.33O,户型结构,平层,建筑类型,板楼,房屋朝向,南,建筑结构,框架结构,装修情况,毛坯,梯户比例,一梯三户,供暖方式,集中供暖
所在区域,金州区,房屋总价,130,房屋户型,2室1厅1卫,所在楼层,低楼层 (共6层),建筑面积,80.34O,户型结构,平层,建筑类型,板楼,房屋朝向,南 北,建筑结构,钢混结构,装修情况,简装,梯户比例,一梯两户,供暖方式,集中供暖
所在区域,金州区,房屋总价,95,房屋户型,3室2厅1卫,所在楼层,中楼层 (共4层),建筑面积,110.68O,户型结构,平层,建筑类型,板楼,房屋朝向,南 北,建筑结构,钢混结构,装修情况,精装,梯户比例,一梯一户,供暖方式,集中供暖
所在区域,金州区,房屋总价,135.7,房屋户型,3室2厅2卫,所在楼层,中楼层 (共5层),建筑面积,150.78O,户型结构,平层,建筑类型,板塔结合,房屋朝向,南 北,建筑结构,框架结构,装修情况,精装,梯户比例,一梯一户,供暖方式,集中供暖
所在区域,金州区,房屋总价,52,房屋户型,1室1厅1卫,所在楼层,低楼层 (共16层),建筑面积,55.8O,户型结构,平层,建筑类型,板楼,房屋朝向,南,建筑结构,钢混结构,装修情况,简装,梯户比例,一梯四户,供暖方式,集中供暖,配备电梯,有
所在区域,金州区,房屋总价,43,房屋户型,1室1厅1卫,所在楼层,中楼层 (共7层),建筑面积,44.2O,户型结构,平层,建筑类型,板楼,房屋朝向,南,建筑结构,钢混结构,装修情况,简装,梯户比例,一梯四户,供暖方式,集中供暖
所在区域,金州区,房屋总价,86,房屋户型,2室2厅1卫,所在楼层,中楼层 (共6层),建筑面积,99.51O,户型结构,平层,建筑类型,板楼,房屋朝向,南,建筑结构,钢混结构,装修情况,精装,梯户比例,一梯两户,供暖方式,集中供暖
所在区域,金州区,房屋总价,52.8,房屋户型,1室1厅1卫,所在楼层,中楼层 (共28层),建筑面积,63O,户型结构,平层,建筑类型,板楼,房屋朝向,西 北,建筑结构,框架结构,装修情况,其他,梯户比例,两梯五户,供暖方式,集中供暖,配备电梯,有
所在区域,金州区,房屋总价,59,房屋户型,2室1厅1卫,所在楼层,中楼层 (共12层),建筑面积,53.23O,户型结构,平层,建筑类型,板楼,房屋朝向,南,建筑结构,钢混结构,装修情况,精装,梯户比例,一梯四户,供暖方式,集中供暖,配备电梯,有
所在区域,金州区,房屋总价,76.6,房屋户型,2室1厅1卫,所在楼层,高楼层 (共31层),建筑面积,75.88O,户型结构,平层,套内面积,70O,建筑类型,板楼,房屋朝向,东南,建筑结构,钢混结构,装修情况,简装,梯户比例,一梯六户,供暖方式,集中供暖,配备电梯,有
所在区域,金州区,房屋总价,54.5,房屋户型,2室1厅1卫,所在楼层,高楼层 (共6层),建筑面积,58.4O,户型结构,平层,建筑类型,板楼,房屋朝向,南,建筑结构,钢混结构,装修情况,精装,梯户比例,一梯三户,供暖方式,集中供暖
所在区域,金州区,房屋总价,31.5,房屋户型,1室1厅1卫,所在楼层,高楼层 (共7层),建筑面积,53.5O,户型结构,平层,套内面积,53.5O,建筑类型,板楼,房屋朝向,南,建筑结构,砖混结构,装修情况,简装,梯户比例,一梯四户,供暖方式,集中供暖
所在区域,金州区,房屋总价,40,房屋户型,1室1厅1卫,所在楼层,高楼层 (共6层),建筑面积,51.9O,户型结构,平层,建筑类型,板楼,房屋朝向,南,建筑结构,钢混结构,装修情况,毛坯,梯户比例,一梯三户,供暖方式,集中供暖
所在区域,金州区,房屋总价,45,房屋户型,1室1厅1卫,所在楼层,低楼层 (共19层),建筑面积,47.51O,户型结构,平层,建筑类型,板楼,房屋朝向,南,建筑结构,钢混结构,装修情况,精装,梯户比例,一梯四户,供暖方式,集中供暖,配备电梯,有
所在区域,金州区,房屋总价,55,房屋户型,2室1厅1卫,所在楼层,低楼层 (共30层),建筑面积,60.29O,户型结构,平层,套内面积,44.25O,建筑类型,板楼,房屋朝向,南,建筑结构,钢混结构,装修情况,精装,梯户比例,两梯六户,供暖方式,集中供暖,配备电梯,有
所在区域,金州区,房屋总价,63,房屋户型,2室1厅1卫,所在楼层,中楼层 (共7层),建筑面积,66.78O,户型结构,平层,建筑类型,板楼,房屋朝向,东 南 北,建筑结构,钢混结构,装修情况,简装,梯户比例,一梯三户,供暖方式,集中供暖
所在区域,金州区,房屋总价,130,房屋户型,3室2厅1卫,所在楼层,中楼层 (共6层),建筑面积,107.75O,户型结构,平层,套内面积,107O,建筑类型,板楼,房屋朝向,南 北,建筑结构,钢混结构,装修情况,精装,梯户比例,一梯两户,供暖方式,集中供暖
所在区域,金州区,房屋总价,99,房屋户型,3室2厅1卫,所在楼层,低楼层 (共6层),建筑面积,88.51O,户型结构,平层,建筑类型,暂无数据,房屋朝向,南 北,建筑结构,未知结构,装修情况,毛坯,梯户比例,一梯两户
所在区域,金州区,房屋总价,39,房屋户型,1室1厅0卫,所在楼层,低楼层 (共3层),建筑面积,35O,户型结构,平层,套内面积,35O,建筑类型,暂无数据,房屋朝向,南 北,建筑结构,未知结构,装修情况,精装,梯户比例,一梯一户
所在区域,金州区,房屋总价,73,房屋户型,2室1厅1卫,所在楼层,高楼层 (共8层),建筑面积,65.72O,户型结构,平层,套内面积,52.19O,建筑类型,板楼,房屋朝向,南,建筑结构,钢混结构,装修情况,精装,梯户比例,一梯四户,供暖方式,集中供暖,配备电梯,有
所在区域,金州区,房屋总价,58,房屋户型,2室1厅1卫,所在楼层,高楼层 (共6层),建筑面积,74O,户型结构,平层,建筑类型,板楼,房屋朝向,南,建筑结构,框架结构,装修情况,简装,梯户比例,一梯两户,供暖方式,集中供暖
所在区域,金州区,房屋总价,102,房屋户型,2室2厅1卫,所在楼层,低楼层 (共6层),建筑面积,92.31O,户型结构,平层,建筑类型,板楼,房屋朝向,南 北,建筑结构,钢混结构,装修情况,精装,梯户比例,一梯两户,供暖方式,集中供暖
所在区域,金州区,房屋总价,79.5,房屋户型,2室1厅1卫,所在楼层,中楼层 (共6层),建筑面积,79.27O,户型结构,平层,建筑类型,板楼,房屋朝向,南 北,建筑结构,钢混结构,装修情况,精装,梯户比例,一梯三户,供暖方式,集中供暖
所在区域,金州区,房屋总价,86,房屋户型,3室1厅1卫,所在楼层,中楼层 (共5层),建筑面积,95.92O,户型结构,平层,建筑类型,板楼,房屋朝向,南 北,建筑结构,钢混结构,装修情况,精装,梯户比例,一梯两户,供暖方式,集中供暖
所在区域,金州区,房屋总价,69,房屋户型,2室1厅1卫,所在楼层,低楼层 (共5层),建筑面积,56O,户型结构,平层,建筑类型,板楼,房屋朝向,南 北,建筑结构,钢混结构,装修情况,精装,梯户比例,一梯四户,供暖方式,集中供暖
所在区域,金州区,房屋总价,118,房屋户型,3室2厅1卫,所在楼层,中楼层 (共7层),建筑面积,92.37O,户型结构,平层,建筑类型,板楼,房屋朝向,南 北,建筑结构,框架结构,装修情况,毛坯,梯户比例,一梯两户,供暖方式,集中供暖
所在区域,金州区,房屋总价,65,房屋户型,2室1厅1卫,所在楼层,中楼层 (共18层),建筑面积,66.49O,户型结构,平层,建筑类型,板楼,房屋朝向,南,建筑结构,框架结构,装修情况,精装,梯户比例,一梯四户,供暖方式,集中供暖,配备电梯,有
所在区域,金州区,房屋总价,70,房屋户型,2室1厅1卫,所在楼层,高楼层 (共29层),建筑面积,83.01O,户型结构,平层,建筑类型,板楼,房屋朝向,南,建筑结构,钢混结构,装修情况,精装,梯户比例,一梯四户,供暖方式,集中供暖,配备电梯,有
所在区域,金州区,房屋总价,129,房屋户型,3室2厅1卫,所在楼层,低楼层 (共9层),建筑面积,87O,户型结构,平层,建筑类型,板楼,房屋朝向,南 北,建筑结构,钢混结构,装修情况,精装,梯户比例,一梯两户,供暖方式,集中供暖
所在区域,金州区,房屋总价,58,房屋户型,2室1厅1卫,所在楼层,中楼层 (共5层),建筑面积,57.24O,户型结构,平层,建筑类型,板楼,房屋朝向,南 北,建筑结构,钢混结构,装修情况,精装,梯户比例,一梯两户,供暖方式,集中供暖
所在区域,金州区,房屋总价,119,房屋户型,2室2厅1卫,所在楼层,中楼层 (共27层),建筑面积,83.68O,户型结构,平层,建筑类型,板楼,房屋朝向,南 北,建筑结构,框架结构,装修情况,毛坯,梯户比例,一梯两户,供暖方式,集中供暖
所在区域,金州区,房屋总价,165,房屋户型,3室2厅2卫,所在楼层,中楼层 (共6层),建筑面积,115.94O,户型结构,平层,建筑类型,板楼,房屋朝向,南 北,建筑结构,钢混结构,装修情况,其他,梯户比例,一梯两户,供暖方式,集中供暖
所在区域,金州区,房屋总价,74,房屋户型,2室1厅1卫,所在楼层,高楼层 (共6层),建筑面积,86.21O,户型结构,平层,建筑类型,板楼,房屋朝向,南 北,建筑结构,钢混结构,装修情况,简装,梯户比例,一梯两户,供暖方式,集中供暖
所在区域,金州区,房屋总价,66.5,房屋户型,2室1厅1卫,所在楼层,低楼层 (共6层),建筑面积,51O,户型结构,平层,建筑类型,板楼,房屋朝向,南,建筑结构,砖混结构,装修情况,简装,梯户比例,一梯六户,供暖方式,集中供暖
所在区域,金州区,房屋总价,49,房屋户型,2室1厅1卫,所在楼层,低楼层 (共18层),建筑面积,47.63O,户型结构,平层,建筑类型,板楼,房屋朝向,南,建筑结构,钢混结构,装修情况,精装,梯户比例,两梯四户,供暖方式,集中供暖,配备电梯,有
所在区域,金州区,房屋总价,96,房屋户型,3室1厅1卫,所在楼层,高楼层 (共17层),建筑面积,92.23O,户型结构,平层,建筑类型,板楼,房屋朝向,南 北,建筑结构,框架结构,装修情况,精装,梯户比例,一梯三户,供暖方式,集中供暖,配备电梯,有
所在区域,金州区,房屋总价,105,房屋户型,2室2厅1卫,所在楼层,中楼层 (共8层),建筑面积,85.7O,户型结构,平层,建筑类型,板楼,房屋朝向,南 北,建筑结构,钢混结构,装修情况,其他,梯户比例,一梯三户,供暖方式,集中供暖
所在区域,金州区,房屋总价,55,房屋户型,1室1厅1卫,所在楼层,中楼层 (共6层),建筑面积,51.92O,户型结构,平层,建筑类型,板楼,房屋朝向,南 北,建筑结构,框架结构,装修情况,毛坯,梯户比例,两梯三户,供暖方式,集中供暖,配备电梯,有
所在区域,金州区,房屋总价,79,房屋户型,2室1厅1卫,所在楼层,低楼层 (共34层),建筑面积,71.3O,户型结构,平层,建筑类型,板塔结合,房屋朝向,南,建筑结构,钢混结构,装修情况,其他,梯户比例,两梯四户,供暖方式,集中供暖,配备电梯,有
所在区域,金州区,房屋总价,48.2,房屋户型,2室1厅1卫,所在楼层,中楼层 (共5层),建筑面积,55O,户型结构,平层,建筑类型,板楼,房屋朝向,南 北,建筑结构,混合结构,装修情况,精装,梯户比例,一梯四户,供暖方式,集中供暖
所在区域,金州区,房屋总价,79,房屋户型,2室2厅1卫,所在楼层,中楼层 (共7层),建筑面积,84.9O,户型结构,平层,建筑类型,板楼,房屋朝向,南 北,建筑结构,钢混结构,装修情况,精装,梯户比例,一梯四户,供暖方式,集中供暖
所在区域,金州区,房屋总价,50,房屋户型,2室1厅1卫,所在楼层,中楼层 (共5层),建筑面积,50.54O,户型结构,平层,套内面积,50.54O,建筑类型,板楼,房屋朝向,南,建筑结构,钢混结构,装修情况,简装,梯户比例,一梯三户,供暖方式,集中供暖
所在区域,金州区,房屋总价,30,房屋户型,1室1厅1卫,所在楼层,高楼层 (共5层),建筑面积,41O,户型结构,平层,建筑类型,板楼,房屋朝向,南,建筑结构,钢混结构,装修情况,精装,梯户比例,一梯三户,供暖方式,集中供暖
所在区域,金州区,房屋总价,114.5,房屋户型,2室1厅1卫,所在楼层,低楼层 (共12层),建筑面积,102.7O,户型结构,平层,建筑类型,板楼,房屋朝向,南 北,建筑结构,钢混结构,装修情况,简装,梯户比例,一梯三户,供暖方式,集中供暖,配备电梯,有
所在区域,金州区,房屋总价,55,房屋户型,2室1厅1卫,所在楼层,高楼层 (共6层),建筑面积,71.1O,户型结构,平层,建筑类型,板楼,房屋朝向,南 北,建筑结构,钢混结构,装修情况,简装,梯户比例,一梯三户,供暖方式,集中供暖
所在区域,金州区,房屋总价,39,房屋户型,2室1厅1卫,所在楼层,高楼层 (共6层),建筑面积,53O,户型结构,平层,套内面积,53O,建筑类型,板楼,房屋朝向,南 北,建筑结构,钢混结构,装修情况,简装,梯户比例,一梯四户,供暖方式,集中供暖
所在区域,金州区,房屋总价,96.8,房屋户型,2室2厅1卫,所在楼层,中楼层 (共6层),建筑面积,72.39O,户型结构,平层,建筑类型,板楼,房屋朝向,南 北,建筑结构,框架结构,装修情况,精装,梯户比例,两梯三户,供暖方式,集中供暖,配备电梯,有
所在区域,金州区,房屋总价,118.8,房屋户型,3室2厅1卫,所在楼层,中楼层 (共6层),建筑面积,87.8O,户型结构,平层,建筑类型,板楼,房屋朝向,南 北,建筑结构,钢混结构,装修情况,精装,梯户比例,一梯两户,供暖方式,集中供暖,配备电梯,有
所在区域,金州区,房屋总价,64,房屋户型,2室1厅1卫,所在楼层,中楼层 (共5层),建筑面积,66.4O,户型结构,平层,建筑类型,板楼,房屋朝向,南 北,建筑结构,钢混结构,装修情况,简装,梯户比例,一梯三户,供暖方式,集中供暖
所在区域,金州区,房屋总价,65,房屋户型,2室1厅1卫,所在楼层,高楼层 (共16层),建筑面积,70.97O,户型结构,平层,建筑类型,板楼,房屋朝向,南,建筑结构,钢混结构,装修情况,精装,梯户比例,两梯三户,供暖方式,集中供暖,配备电梯,有
所在区域,金州区,房屋总价,95.2,房屋户型,3室2厅1卫,所在楼层,中楼层 (共6层),建筑面积,88.51O,户型结构,平层,建筑类型,板楼,房屋朝向,南 北,建筑结构,框架结构,装修情况,毛坯,梯户比例,一梯两户,供暖方式,集中供暖
所在区域,金州区,房屋总价,53,房屋户型,2室1厅1卫,所在楼层,低楼层 (共1层),建筑面积,65.64O,户型结构,平层,建筑类型,板楼,房屋朝向,南 北,建筑结构,框架结构,装修情况,简装,梯户比例,一梯一户,供暖方式,集中供暖
所在区域,金州区,房屋总价,112,房屋户型,3室1厅1卫,所在楼层,低楼层 (共34层),建筑面积,92.87O,户型结构,平层,套内面积,89O,建筑类型,板楼,房屋朝向,南 北,建筑结构,钢混结构,装修情况,精装,梯户比例,两梯四户,供暖方式,集中供暖,配备电梯,有
所在区域,金州区,房屋总价,57.5,房屋户型,2室2厅1卫,所在楼层,中楼层 (共11层),建筑面积,70.43O,户型结构,平层,建筑类型,板塔结合,房屋朝向,南,建筑结构,框架结构,装修情况,其他,梯户比例,一梯三户,供暖方式,集中供暖
所在区域,金州区,房屋总价,50,房屋户型,1室1厅1卫,所在楼层,中楼层 (共32层),建筑面积,52.3O,户型结构,暂无数据,建筑类型,板楼,房屋朝向,东,建筑结构,钢混结构,装修情况,精装,梯户比例,三梯十一户,供暖方式,集中供暖,配备电梯,有
所在区域,金州区,房屋总价,38,房屋户型,2室1厅1卫,所在楼层,高楼层 (共6层),建筑面积,53O,户型结构,平层,建筑类型,板楼,房屋朝向,南 北,建筑结构,钢混结构,装修情况,简装,梯户比例,一梯四户,供暖方式,集中供暖
所在区域,金州区,房屋总价,49.2,房屋户型,2室1厅1卫,所在楼层,高楼层 (共7层),建筑面积,53.76O,户型结构,平层,建筑类型,板楼,房屋朝向,南,建筑结构,框架结构,装修情况,精装,梯户比例,一梯三户,供暖方式,集中供暖
所在区域,金州区,房屋总价,66,房屋户型,2室1厅1卫,所在楼层,中楼层 (共6层),建筑面积,77.55O,户型结构,平层,建筑类型,板楼,房屋朝向,南 北,建筑结构,框架结构,装修情况,精装,梯户比例,一梯四户,供暖方式,集中供暖
所在区域,金州区,房屋总价,77,房屋户型,2室1厅1卫,所在楼层,低楼层 (共28层),建筑面积,77.52O,户型结构,平层,建筑类型,板塔结合,房屋朝向,西南 西 北,建筑结构,钢混结构,装修情况,精装,梯户比例,两梯九户,供暖方式,集中供暖,配备电梯,有
所在区域,金州区,房屋总价,81,房屋户型,2室1厅1卫,所在楼层,低楼层 (共7层),建筑面积,73.69O,户型结构,平层,建筑类型,板楼,房屋朝向,南 北,建筑结构,钢混结构,装修情况,简装,梯户比例,一梯三户,供暖方式,集中供暖
所在区域,金州区,房屋总价,64,房屋户型,2室1厅1卫,所在楼层,中楼层 (共5层),建筑面积,47.94O,户型结构,平层,建筑类型,板楼,房屋朝向,南 北,建筑结构,混合结构,装修情况,精装,梯户比例,一梯四户,供暖方式,集中供暖
所在区域,金州区,房屋总价,99,房屋户型,2室2厅1卫,所在楼层,中楼层 (共18层),建筑面积,85.98O,户型结构,平层,建筑类型,板楼,房屋朝向,南 北,建筑结构,框架结构,装修情况,精装,梯户比例,一梯三户,供暖方式,集中供暖,配备电梯,有
所在区域,金州区,房屋总价,79.8,房屋户型,2室1厅1卫,所在楼层,高楼层 (共7层),建筑面积,89O,户型结构,平层,建筑类型,板楼,房屋朝向,南 北,建筑结构,砖混结构,装修情况,简装,梯户比例,一梯两户,供暖方式,集中供暖
所在区域,金州区,房屋总价,101,房屋户型,3室1厅1卫,所在楼层,高楼层 (共18层),建筑面积,100.27O,户型结构,平层,建筑类型,暂无数据,房屋朝向,南 北,建筑结构,未知结构,装修情况,其他,梯户比例,一梯两户,供暖方式,集中供暖,配备电梯,有
所在区域,金州区,房屋总价,130,房屋户型,3室2厅1卫,所在楼层,中楼层 (共34层),建筑面积,97.99O,户型结构,平层,建筑类型,板楼,房屋朝向,南 北,建筑结构,钢混结构,装修情况,精装,梯户比例,两梯四户,供暖方式,集中供暖,配备电梯,有
所在区域,金州区,房屋总价,52.8,房屋户型,1室1厅1卫,所在楼层,高楼层 (共20层),建筑面积,58.88O,户型结构,平层,建筑类型,板楼,房屋朝向,南,建筑结构,框架结构,装修情况,其他,梯户比例,两梯六户,供暖方式,集中供暖,配备电梯,有
所在区域,金州区,房屋总价,82,房屋户型,2室2厅1卫,所在楼层,高楼层 (共7层),建筑面积,74.98O,户型结构,平层,建筑类型,板楼,房屋朝向,南 北,建筑结构,框架结构,装修情况,毛坯,梯户比例,一梯三户,供暖方式,集中供暖,配备电梯,有
所在区域,金州区,房屋总价,135,房屋户型,3室2厅1卫,所在楼层,中楼层 (共5层),建筑面积,125.82O,户型结构,平层,建筑类型,板楼,房屋朝向,南 北,建筑结构,钢混结构,装修情况,精装,梯户比例,一梯两户,供暖方式,集中供暖
所在区域,金州区,房屋总价,128,房屋户型,3室2厅1卫,所在楼层,中楼层 (共8层),建筑面积,105.79O,户型结构,平层,套内面积,105.79O,建筑类型,板塔结合,房屋朝向,南 北,建筑结构,框架结构,装修情况,精装,梯户比例,一梯两户,供暖方式,集中供暖
所在区域,金州区,房屋总价,75,房屋户型,3室1厅1卫,所在楼层,中楼层 (共17层),建筑面积,87.04O,户型结构,平层,套内面积,87O,建筑类型,板楼,房屋朝向,南 北,建筑结构,框架结构,装修情况,精装,梯户比例,一梯四户,供暖方式,集中供暖,配备电梯,有
所在区域,金州区,房屋总价,75.6,房屋户型,2室2厅1卫,所在楼层,高楼层 (共30层),建筑面积,80.47O,户型结构,平层,建筑类型,板楼,房屋朝向,南 北,建筑结构,钢混结构,装修情况,精装,梯户比例,一梯六户,供暖方式,集中供暖,配备电梯,有
所在区域,金州区,房屋总价,91,房屋户型,2室2厅1卫,所在楼层,中楼层 (共6层),建筑面积,88.47O,户型结构,平层,建筑类型,板楼,房屋朝向,北 南,建筑结构,钢混结构,装修情况,简装,梯户比例,一梯两户,供暖方式,集中供暖
所在区域,金州区,房屋总价,170,房屋户型,3室2厅2卫,所在楼层,低楼层 (共33层),建筑面积,117.17O,户型结构,平层,建筑类型,板楼,房屋朝向,南 北,建筑结构,钢混结构,装修情况,精装,梯户比例,两梯四户,供暖方式,集中供暖,配备电梯,有
所在区域,金州区,房屋总价,142,房屋户型,3室2厅2卫,所在楼层,高楼层 (共23层),建筑面积,122.76O,户型结构,平层,建筑类型,板楼,房屋朝向,南 北,建筑结构,框架结构,装修情况,精装,梯户比例,一梯四户,供暖方式,集中供暖,配备电梯,有
所在区域,金州区,房屋总价,85,房屋户型,2室1厅1卫,所在楼层,高楼层 (共30层),建筑面积,92.78O,户型结构,平层,建筑类型,板楼,房屋朝向,东南 北,建筑结构,钢混结构,装修情况,其他,梯户比例,两梯四户,供暖方式,集中供暖,配备电梯,有
所在区域,金州区,房屋总价,38.7,房屋户型,2室1厅1卫,所在楼层,中楼层 (共7层),建筑面积,40.2O,户型结构,平层,建筑类型,板楼,房屋朝向,南,建筑结构,钢混结构,装修情况,精装,梯户比例,一梯四户,供暖方式,集中供暖
所在区域,金州区,房屋总价,44,房屋户型,2室1厅1卫,所在楼层,高楼层 (共6层),建筑面积,56O,户型结构,平层,建筑类型,板楼,房屋朝向,南 北,建筑结构,混合结构,装修情况,简装,梯户比例,一梯三户,供暖方式,集中供暖
所在区域,金州区,房屋总价,98,房屋户型,3室1厅1卫,所在楼层,高楼层 (共30层),建筑面积,116.47O,户型结构,平层,套内面积,116O,建筑类型,板楼,房屋朝向,南 北,建筑结构,钢混结构,装修情况,简装,梯户比例,两梯五户,供暖方式,集中供暖,配备电梯,有
所在区域,金州区,房屋总价,67,房屋户型,2室1厅1卫,所在楼层,低楼层 (共7层),建筑面积,71.7O,户型结构,平层,套内面积,70O,建筑类型,板楼,房屋朝向,南 北,建筑结构,框架结构,装修情况,简装,梯户比例,一梯三户,供暖方式,集中供暖,配备电梯,有
所在区域,金州区,房屋总价,58,房屋户型,2室1厅1卫,所在楼层,中楼层 (共11层),建筑面积,69.93O,户型结构,平层,建筑类型,板楼,房屋朝向,南,建筑结构,钢混结构,装修情况,精装,梯户比例,一梯三户,供暖方式,集中供暖
所在区域,金州区,房屋总价,81,房屋户型,2室1厅1卫,所在楼层,中楼层 (共31层),建筑面积,85.61O,户型结构,平层,建筑类型,板楼,房屋朝向,西南,建筑结构,框架结构,装修情况,简装,梯户比例,两梯六户,供暖方式,集中供暖,配备电梯,有
所在区域,金州区,房屋总价,91,房屋户型,3室2厅1卫,所在楼层,中楼层 (共7层),建筑面积,92.33O,户型结构,平层,建筑类型,板楼,房屋朝向,南 北,建筑结构,钢混结构,装修情况,精装,梯户比例,一梯两户,供暖方式,集中供暖
所在区域,金州区,房屋总价,59.5,房屋户型,2室1厅1卫,所在楼层,中楼层 (共6层),建筑面积,61.5O,户型结构,平层,建筑类型,板楼,房屋朝向,南 北,建筑结构,混合结构,装修情况,简装,梯户比例,一梯三户,供暖方式,集中供暖
所在区域,金州区,房屋总价,44,房屋户型,2室1厅1卫,所在楼层,低楼层 (共4层),建筑面积,47.63O,户型结构,平层,建筑类型,板楼,房屋朝向,南,建筑结构,砖混结构,装修情况,简装,梯户比例,一梯十九户,供暖方式,集中供暖
所在区域,金州区,房屋总价,85,房屋户型,2室1厅1卫,所在楼层,中楼层 (共7层),建筑面积,77.65O,户型结构,平层,建筑类型,板楼,房屋朝向,南 北,建筑结构,框架结构,装修情况,精装,梯户比例,一梯三户,供暖方式,集中供暖,配备电梯,有
所在区域,金州区,房屋总价,60.8,房屋户型,2室1厅1卫,所在楼层,中楼层 (共6层),建筑面积,67.98O,户型结构,平层,套内面积,67.98O,建筑类型,板楼,房屋朝向,南 北,建筑结构,钢混结构,装修情况,毛坯,梯户比例,一梯三户,供暖方式,集中供暖
所在区域,金州区,房屋总价,61,房屋户型,2室1厅1卫,所在楼层,高楼层 (共24层),建筑面积,70.86O,户型结构,平层,建筑类型,板楼,房屋朝向,南,建筑结构,框架结构,装修情况,其他,梯户比例,一梯三户,供暖方式,集中供暖,配备电梯,有
所在区域,金州区,房屋总价,42,房屋户型,1室1厅1卫,所在楼层,高楼层 (共15层),建筑面积,49.21O,户型结构,平层,建筑类型,板楼,房屋朝向,南,建筑结构,钢混结构,装修情况,简装,梯户比例,一梯四户,供暖方式,集中供暖,配备电梯,有
所在区域,金州区,房屋总价,93,房屋户型,2室2厅1卫,所在楼层,高楼层 (共18层),建筑面积,97.62O,户型结构,平层,建筑类型,板楼,房屋朝向,南 北,建筑结构,钢混结构,装修情况,精装,梯户比例,一梯两户,供暖方式,集中供暖,配备电梯,有
所在区域,金州区,房屋总价,61.8,房屋户型,2室1厅1卫,所在楼层,高楼层 (共6层),建筑面积,66.5O,户型结构,平层,建筑类型,板楼,房屋朝向,南 北,建筑结构,钢混结构,装修情况,简装,梯户比例,一梯四户,供暖方式,集中供暖
所在区域,金州区,房屋总价,51.5,房屋户型,2室1厅1卫,所在楼层,高楼层 (共26层),建筑面积,69.87O,户型结构,平层,建筑类型,板楼,房屋朝向,东 北,建筑结构,钢混结构,装修情况,简装,梯户比例,三梯十二户,供暖方式,集中供暖,配备电梯,有
所在区域,金州区,房屋总价,45.2,房屋户型,1室1厅1卫,所在楼层,高楼层 (共6层),建筑面积,39O,户型结构,平层,建筑类型,板楼,房屋朝向,南,建筑结构,砖混结构,装修情况,毛坯,梯户比例,一梯四户,供暖方式,集中供暖
所在区域,金州区,房屋总价,97,房屋户型,3室1厅1卫,所在楼层,中楼层 (共6层),建筑面积,77O,户型结构,平层,建筑类型,板楼,房屋朝向,南 北,建筑结构,混合结构,装修情况,简装,梯户比例,一梯三户,供暖方式,集中供暖
所在区域,金州区,房屋总价,82,房屋户型,2室2厅1卫,所在楼层,低楼层 (共18层),建筑面积,82.8O,户型结构,平层,建筑类型,塔楼,房屋朝向,南 北,建筑结构,框架结构,装修情况,简装,梯户比例,一梯四户,供暖方式,集中供暖,配备电梯,有
所在区域,金州区,房屋总价,29,房屋户型,1室1厅1卫,所在楼层,高楼层 (共7层),建筑面积,40O,户型结构,平层,建筑类型,板楼,房屋朝向,南,建筑结构,砖混结构,装修情况,其他,梯户比例,一梯四户,供暖方式,集中供暖
所在区域,金州区,房屋总价,48,房屋户型,1室1厅1卫,所在楼层,低楼层 (共30层),建筑面积,54.94O,户型结构,平层,建筑类型,塔楼,房屋朝向,南 西,建筑结构,钢混结构,装修情况,简装,梯户比例,三梯十二户,供暖方式,集中供暖,配备电梯,有
所在区域,金州区,房屋总价,115,房屋户型,3室2厅1卫,所在楼层,低楼层 (共18层),建筑面积,98.54O,户型结构,平层,建筑类型,板楼,房屋朝向,南 北,建筑结构,钢混结构,装修情况,精装,梯户比例,一梯两户,供暖方式,集中供暖,配备电梯,有
所在区域,金州区,房屋总价,47,房屋户型,1室0厅1卫,所在楼层,高楼层 (共19层),建筑面积,49.17O,户型结构,平层,建筑类型,板楼,房屋朝向,南,建筑结构,钢混结构,装修情况,简装,梯户比例,一梯四户,供暖方式,集中供暖,配备电梯,有
所在区域,金州区,房屋总价,45.9,房屋户型,2室1厅1卫,所在楼层,高楼层 (共6层),建筑面积,53.5O,户型结构,平层,套内面积,53O,建筑类型,板楼,房屋朝向,南 北,建筑结构,钢混结构,装修情况,简装,梯户比例,一梯四户,供暖方式,集中供暖
所在区域,金州区,房屋总价,188,房屋户型,4室2厅2卫,所在楼层,中楼层 (共6层),建筑面积,170.52O,户型结构,平层,建筑类型,板楼,房屋朝向,南 北,建筑结构,钢混结构,装修情况,其他,梯户比例,一梯两户,供暖方式,集中供暖,配备电梯,有
所在区域,金州区,房屋总价,51,房屋户型,1室1厅1卫,所在楼层,低楼层 (共32层),建筑面积,41.06O,户型结构,平层,建筑类型,板楼,房屋朝向,北,建筑结构,钢混结构,装修情况,精装,梯户比例,四梯十五户,供暖方式,集中供暖,配备电梯,有
所在区域,金州区,房屋总价,73,房屋户型,2室1厅1卫,所在楼层,高楼层 (共11层),建筑面积,92.35O,户型结构,平层,建筑类型,板楼,房屋朝向,南 北,建筑结构,钢混结构,装修情况,毛坯,梯户比例,一梯两户,供暖方式,集中供暖
所在区域,金州区,房屋总价,51,房屋户型,1室1厅1卫,所在楼层,高楼层 (共5层),建筑面积,58.21O,户型结构,平层,建筑类型,板楼,房屋朝向,南 北,建筑结构,钢混结构,装修情况,精装,梯户比例,一梯四户,供暖方式,集中供暖
所在区域,金州区,房屋总价,90,房屋户型,2室2厅1卫,所在楼层,低楼层 (共5层),建筑面积,65.12O,户型结构,平层,建筑类型,板楼,房屋朝向,南 北,建筑结构,钢混结构,装修情况,精装,梯户比例,两梯三户,供暖方式,集中供暖,配备电梯,有
所在区域,金州区,房屋总价,48,房屋户型,2室1厅1卫,所在楼层,中楼层 (共6层),建筑面积,59.22O,户型结构,平层,建筑类型,板楼,房屋朝向,南,建筑结构,钢混结构,装修情况,简装,梯户比例,一梯三户,供暖方式,集中供暖
所在区域,金州区,房屋总价,58,房屋户型,1室1厅1卫,所在楼层,中楼层 (共27层),建筑面积,56.57O,户型结构,平层,建筑类型,板楼,房屋朝向,南,建筑结构,钢混结构,装修情况,精装,梯户比例,一梯六户,供暖方式,集中供暖,配备电梯,有
所在区域,金州区,房屋总价,77,房屋户型,2室1厅1卫,所在楼层,低楼层 (共11层),建筑面积,85.73O,户型结构,平层,建筑类型,板楼,房屋朝向,南 北,建筑结构,钢混结构,装修情况,简装,梯户比例,一梯两户,供暖方式,集中供暖
所在区域,金州区,房屋总价,55,房屋户型,1室1厅1卫,所在楼层,中楼层 (共18层),建筑面积,57.45O,户型结构,平层,建筑类型,板楼,房屋朝向,南,建筑结构,钢混结构,装修情况,简装,梯户比例,两梯八户,供暖方式,集中供暖,配备电梯,有
所在区域,金州区,房屋总价,125,房屋户型,3室1厅1卫,所在楼层,中楼层 (共33层),建筑面积,95.34O,户型结构,平层,建筑类型,板楼,房屋朝向,南 北,建筑结构,钢混结构,装修情况,简装,梯户比例,两梯四户,供暖方式,集中供暖,配备电梯,有
所在区域,金州区,房屋总价,73,房屋户型,2室1厅1卫,所在楼层,高楼层 (共28层),建筑面积,75.08O,户型结构,平层,建筑类型,板楼,房屋朝向,南 西 北,建筑结构,钢混结构,装修情况,精装,梯户比例,两梯六户,供暖方式,集中供暖,配备电梯,有
所在区域,金州区,房屋总价,50.5,房屋户型,1室0厅1卫,所在楼层,高楼层 (共32层),建筑面积,45.76O,户型结构,平层,建筑类型,板楼,房屋朝向,南,建筑结构,框架结构,装修情况,其他,梯户比例,两梯四户,供暖方式,集中供暖,配备电梯,有
所在区域,金州区,房屋总价,97,房屋户型,2室1厅1卫,所在楼层,中楼层 (共6层),建筑面积,81.5O,户型结构,平层,建筑类型,板楼,房屋朝向,南 北,建筑结构,混合结构,装修情况,精装,梯户比例,一梯三户,供暖方式,集中供暖
所在区域,金州区,房屋总价,60.5,房屋户型,2室1厅1卫,所在楼层,高楼层 (共6层),建筑面积,68.5O,户型结构,平层,套内面积,68O,建筑类型,板楼,房屋朝向,南,建筑结构,砖混结构,装修情况,其他,梯户比例,一梯三户,供暖方式,集中供暖
所在区域,金州区,房屋总价,66.2,房屋户型,2室1厅1卫,所在楼层,中楼层 (共6层),建筑面积,69O,户型结构,平层,建筑类型,板塔结合,房屋朝向,南 北,建筑结构,钢混结构,装修情况,精装,梯户比例,一梯三户,供暖方式,集中供暖
所在区域,金州区,房屋总价,84,房屋户型,2室1厅1卫,所在楼层,中楼层 (共6层),建筑面积,97.23O,户型结构,平层,建筑类型,板楼,房屋朝向,南 北,建筑结构,未知结构,装修情况,精装,梯户比例,一梯两户,供暖方式,集中供暖
所在区域,金州区,房屋总价,72,房屋户型,2室2厅1卫,所在楼层,中楼层 (共7层),建筑面积,83.42O,户型结构,平层,建筑类型,板楼,房屋朝向,东,建筑结构,砖混结构,装修情况,简装,梯户比例,一梯五户,供暖方式,集中供暖,配备电梯,有
所在区域,金州区,房屋总价,89,房屋户型,2室2厅1卫,所在楼层,低楼层 (共6层),建筑面积,75O,户型结构,平层,建筑类型,板楼,房屋朝向,南 北,建筑结构,混合结构,装修情况,简装,梯户比例,一梯三户,供暖方式,集中供暖
所在区域,金州区,房屋总价,234,房屋户型,3室2厅2卫,所在楼层,中楼层 (共11层),建筑面积,128O,户型结构,平层,建筑类型,板楼,房屋朝向,南 北,建筑结构,钢混结构,装修情况,其他,梯户比例,一梯两户,供暖方式,集中供暖
所在区域,金州区,房屋总价,91.6,房屋户型,2室1厅1卫,所在楼层,低楼层 (共33层),建筑面积,73.11O,户型结构,平层,建筑类型,板楼,房屋朝向,南,建筑结构,钢混结构,装修情况,精装,梯户比例,一梯四户,供暖方式,集中供暖,配备电梯,有
所在区域,金州区,房屋总价,40,房屋户型,1室0厅1卫,所在楼层,低楼层 (共19层),建筑面积,49.17O,户型结构,平层,建筑类型,板楼,房屋朝向,南,建筑结构,钢混结构,装修情况,精装,梯户比例,一梯四户,供暖方式,集中供暖,配备电梯,有
所在区域,金州区,房屋总价,135.5,房屋户型,3室2厅2卫,所在楼层,中楼层 (共7层),建筑面积,106.17O,户型结构,平层,建筑类型,板塔结合,房屋朝向,南 北,建筑结构,框架结构,装修情况,精装,梯户比例,一梯一户,供暖方式,集中供暖
所在区域,金州区,房屋总价,61,房屋户型,2室2厅1卫,所在楼层,高楼层 (共6层),建筑面积,89.93O,户型结构,平层,套内面积,89.93O,建筑类型,板楼,房屋朝向,北 南,建筑结构,钢混结构,装修情况,简装,梯户比例,一梯两户,供暖方式,集中供暖
所在区域,金州区,房屋总价,28,房屋户型,1室1厅1卫,所在楼层,低楼层 (共6层),建筑面积,35O,户型结构,平层,建筑类型,板楼,房屋朝向,南,建筑结构,混合结构,装修情况,毛坯,梯户比例,一梯三户,供暖方式,集中供暖
所在区域,金州区,房屋总价,52,房屋户型,2室1厅1卫,所在楼层,中楼层 (共6层),建筑面积,64.75O,户型结构,平层,建筑类型,板楼,房屋朝向,南 北,建筑结构,钢混结构,装修情况,简装,梯户比例,一梯三户,供暖方式,集中供暖
所在区域,金州区,房屋总价,56,房屋户型,1室1厅1卫,所在楼层,高楼层 (共7层),建筑面积,53O,户型结构,平层,建筑类型,板楼,房屋朝向,南,建筑结构,砖混结构,装修情况,其他,梯户比例,一梯三户,供暖方式,集中供暖
所在区域,金州区,房屋总价,125,房屋户型,2室1厅1卫,所在楼层,低楼层 (共6层),建筑面积,75.8O,户型结构,平层,套内面积,75.8O,建筑类型,板楼,房屋朝向,北 南,建筑结构,框架结构,装修情况,毛坯,梯户比例,一梯两户,供暖方式,集中供暖
所在区域,金州区,房屋总价,56,房屋户型,2室1厅1卫,所在楼层,低楼层 (共6层),建筑面积,63.82O,户型结构,平层,建筑类型,板楼,房屋朝向,南 北,建筑结构,砖混结构,装修情况,精装,梯户比例,一梯四户,供暖方式,集中供暖
所在区域,金州区,房屋总价,40,房屋户型,2室1厅1卫,所在楼层,高楼层 (共6层),建筑面积,47.76O,户型结构,平层,套内面积,47O,建筑类型,板楼,房屋朝向,南 北,建筑结构,钢混结构,装修情况,简装,梯户比例,一梯四户,供暖方式,集中供暖
所在区域,金州区,房屋总价,42.5,房屋户型,1室1厅1卫,所在楼层,低楼层 (共30层),建筑面积,54.94O,户型结构,平层,建筑类型,塔楼,房屋朝向,东南,建筑结构,钢混结构,装修情况,简装,梯户比例,三梯十二户,供暖方式,集中供暖,配备电梯,有
所在区域,金州区,房屋总价,82.5,房屋户型,2室1厅1卫,所在楼层,高楼层 (共32层),建筑面积,76.97O,户型结构,平层,建筑类型,板楼,房屋朝向,南,建筑结构,框架结构,装修情况,其他,梯户比例,两梯六户,供暖方式,集中供暖,配备电梯,有
所在区域,金州区,房屋总价,70,房屋户型,2室1厅1卫,所在楼层,低楼层 (共18层),建筑面积,86.2O,户型结构,平层,套内面积,86.2O,建筑类型,板楼,房屋朝向,南 北,建筑结构,框架结构,装修情况,毛坯,梯户比例,十二梯四户,供暖方式,集中供暖,配备电梯,有
所在区域,金州区,房屋总价,40,房屋户型,1室1厅1卫,所在楼层,低楼层 (共28层),建筑面积,42.3O,户型结构,平层,建筑类型,板楼,房屋朝向,东 西,建筑结构,钢混结构,装修情况,精装,梯户比例,三梯十户,供暖方式,集中供暖,配备电梯,有
所在区域,金州区,房屋总价,44,房屋户型,1室1厅1卫,所在楼层,高楼层 (共6层),建筑面积,33.3O,户型结构,平层,套内面积,33O,建筑类型,暂无数据,房屋朝向,南,建筑结构,框架结构,装修情况,精装,梯户比例,一梯四户,供暖方式,集中供暖
所在区域,金州区,房屋总价,68,房屋户型,2室1厅1卫,所在楼层,中楼层 (共6层),建筑面积,63.67O,户型结构,平层,建筑类型,板楼,房屋朝向,南,建筑结构,钢混结构,装修情况,简装,梯户比例,一梯三户,供暖方式,集中供暖
所在区域,金州区,房屋总价,118,房屋户型,2室2厅1卫,所在楼层,中楼层 (共27层),建筑面积,83O,户型结构,平层,建筑类型,板楼,房屋朝向,南 北,建筑结构,框架结构,装修情况,精装,梯户比例,一梯两户,供暖方式,集中供暖
所在区域,金州区,房屋总价,113,房屋户型,2室2厅1卫,所在楼层,高楼层 (共27层),建筑面积,83.69O,户型结构,平层,建筑类型,暂无数据,房屋朝向,南 北,建筑结构,未知结构,装修情况,精装,梯户比例,一梯两户
所在区域,金州区,房屋总价,75,房屋户型,1室1厅1卫,所在楼层,中楼层 (共18层),建筑面积,61.44O,户型结构,平层,建筑类型,板楼,房屋朝向,南,建筑结构,钢混结构,装修情况,精装,梯户比例,两梯三户,供暖方式,集中供暖,配备电梯,有
所在区域,金州区,房屋总价,43.8,房屋户型,1室1厅1卫,所在楼层,中楼层 (共7层),建筑面积,40.6O,户型结构,平层,建筑类型,板楼,房屋朝向,南,建筑结构,钢混结构,装修情况,简装,梯户比例,一梯四户,供暖方式,集中供暖
所在区域,金州区,房屋总价,181,房屋户型,3室2厅2卫,所在楼层,低楼层 (共1层),建筑面积,181.35O,户型结构,平层,建筑类型,板塔结合,房屋朝向,南 北,建筑结构,框架结构,装修情况,毛坯,梯户比例,一梯两户,供暖方式,集中供暖,配备电梯,有
所在区域,金州区,房屋总价,31,房屋户型,2室1厅1卫,所在楼层,高楼层 (共6层),建筑面积,56.37O,户型结构,平层,建筑类型,板楼,房屋朝向,南,建筑结构,砖混结构,装修情况,简装,梯户比例,一梯三户,供暖方式,集中供暖
所在区域,金州区,房屋总价,52,房屋户型,2室1厅1卫,所在楼层,高楼层 (共6层),建筑面积,49.1O,户型结构,平层,建筑类型,板楼,房屋朝向,南,建筑结构,钢混结构,装修情况,精装,梯户比例,一梯三户,供暖方式,集中供暖
所在区域,金州区,房屋总价,20,房屋户型,1室1厅1卫,所在楼层,低楼层 (共5层),建筑面积,31.6O,户型结构,平层,套内面积,31.6O,建筑类型,暂无数据,房屋朝向,南,建筑结构,未知结构,装修情况,简装,梯户比例,一梯两户
所在区域,金州区,房屋总价,105,房屋户型,3室2厅1卫,所在楼层,低楼层 (共8层),建筑面积,86.39O,户型结构,平层,套内面积,68.58O,建筑类型,板楼,房屋朝向,南 北,建筑结构,钢混结构,装修情况,其他,梯户比例,两梯三户,供暖方式,集中供暖,配备电梯,有
所在区域,金州区,房屋总价,78,房屋户型,2室1厅1卫,所在楼层,高楼层 (共17层),建筑面积,68.87O,户型结构,平层,建筑类型,板楼,房屋朝向,南 北,建筑结构,钢混结构,装修情况,精装,梯户比例,两梯四户,供暖方式,集中供暖,配备电梯,有
所在区域,金州区,房屋总价,90,房屋户型,2室1厅1卫,所在楼层,高楼层 (共11层),建筑面积,87.25O,户型结构,平层,套内面积,87O,建筑类型,板楼,房屋朝向,南 北,建筑结构,钢混结构,装修情况,精装,梯户比例,一梯两户,供暖方式,集中供暖,配备电梯,有
所在区域,金州区,房屋总价,94,房屋户型,2室1厅1卫,所在楼层,中楼层 (共21层),建筑面积,99.13O,户型结构,平层,套内面积,99.13O,建筑类型,板楼,房屋朝向,南,建筑结构,钢混结构,装修情况,精装,梯户比例,两梯四户,供暖方式,集中供暖,配备电梯,有
所在区域,金州区,房屋总价,90,房屋户型,2室2厅1卫,所在楼层,中楼层 (共31层),建筑面积,78.41O,户型结构,平层,建筑类型,板楼,房屋朝向,西南,建筑结构,框架结构,装修情况,精装,梯户比例,两梯九户,供暖方式,集中供暖,配备电梯,有
所在区域,金州区,房屋总价,178,房屋户型,3室2厅2卫,所在楼层,低楼层 (共12层),建筑面积,120O,户型结构,平层,建筑类型,板楼,房屋朝向,南 北,建筑结构,钢混结构,装修情况,简装,梯户比例,一梯两户,供暖方式,集中供暖,配备电梯,有
所在区域,金州区,房屋总价,30.2,房屋户型,1室1厅1卫,所在楼层,高楼层 (共7层),建筑面积,45.83O,户型结构,平层,套内面积,45.83O,建筑类型,板塔结合,房屋朝向,南,建筑结构,钢混结构,装修情况,简装,梯户比例,两梯四户,供暖方式,集中供暖,配备电梯,有
所在区域,金州区,房屋总价,87,房屋户型,2室1厅1卫,所在楼层,中楼层 (共7层),建筑面积,70.5O,户型结构,平层,套内面积,67O,建筑类型,板楼,房屋朝向,南 北,建筑结构,钢混结构,装修情况,简装,梯户比例,一梯三户,供暖方式,集中供暖
所在区域,金州区,房屋总价,96,房屋户型,2室2厅1卫,所在楼层,低楼层 (共6层),建筑面积,81O,户型结构,平层,套内面积,76O,建筑类型,板楼,房屋朝向,南 北,建筑结构,砖混结构,装修情况,简装,梯户比例,一梯两户,供暖方式,集中供暖
所在区域,金州区,房屋总价,41,房屋户型,2室1厅1卫,所在楼层,低楼层 (共6层),建筑面积,50.5O,户型结构,平层,建筑类型,板楼,房屋朝向,南 北,建筑结构,砖混结构,装修情况,精装,梯户比例,一梯两户,供暖方式,集中供暖
所在区域,金州区,房屋总价,62.8,房屋户型,2室1厅1卫,所在楼层,低楼层 (共18层),建筑面积,64.87O,户型结构,平层,建筑类型,板楼,房屋朝向,南,建筑结构,框架结构,装修情况,精装,梯户比例,一梯两户,供暖方式,集中供暖,配备电梯,有
所在区域,金州区,房屋总价,60.5,房屋户型,2室2厅1卫,所在楼层,低楼层 (共7层),建筑面积,74O,户型结构,平层,建筑类型,板楼,房屋朝向,南 北,建筑结构,混合结构,装修情况,其他,梯户比例,一梯两户,供暖方式,集中供暖
所在区域,金州区,房屋总价,49.5,房屋户型,2室1厅1卫,所在楼层,高楼层 (共5层),建筑面积,51O,户型结构,平层,建筑类型,板楼,房屋朝向,南,建筑结构,钢混结构,装修情况,其他,梯户比例,两梯三户,供暖方式,集中供暖,配备电梯,有
所在区域,金州区,房屋总价,37,房屋户型,2室1厅1卫,所在楼层,高楼层 (共6层),建筑面积,56O,户型结构,平层,建筑类型,板楼,房屋朝向,南,建筑结构,砖混结构,装修情况,简装,梯户比例,一梯三户,供暖方式,集中供暖
所在区域,金州区,房屋总价,101.9,房屋户型,2室2厅1卫,所在楼层,低楼层 (共11层),建筑面积,79.8O,户型结构,平层,套内面积,63.69O,建筑类型,板楼,房屋朝向,南 北,建筑结构,钢混结构,装修情况,其他,梯户比例,一梯两户,供暖方式,集中供暖
所在区域,金州区,房屋总价,74.8,房屋户型,2室2厅1卫,所在楼层,中楼层 (共18层),建筑面积,83.52O,户型结构,平层,建筑类型,暂无数据,房屋朝向,南 北,建筑结构,未知结构,装修情况,简装,梯户比例,一梯一户
所在区域,金州区,房屋总价,64,房屋户型,1室0厅1卫,所在楼层,中楼层 (共20层),建筑面积,36.09O,户型结构,平层,建筑类型,板楼,房屋朝向,西南,建筑结构,钢混结构,装修情况,简装,梯户比例,两梯五户,供暖方式,集中供暖,配备电梯,有
所在区域,金州区,房屋总价,66.2,房屋户型,2室1厅1卫,所在楼层,中楼层 (共7层),建筑面积,68.29O,户型结构,平层,建筑类型,板楼,房屋朝向,南 北,建筑结构,钢混结构,装修情况,简装,梯户比例,一梯三户,供暖方式,集中供暖
所在区域,金州区,房屋总价,233,房屋户型,3室2厅1卫,所在楼层,中楼层 (共11层),建筑面积,116.5O,户型结构,平层,建筑类型,板楼,房屋朝向,南 北,建筑结构,钢混结构,装修情况,精装,梯户比例,一梯两户,供暖方式,集中供暖,配备电梯,有
所在区域,金州区,房屋总价,84,房屋户型,2室1厅1卫,所在楼层,低楼层 (共8层),建筑面积,67O,户型结构,平层,建筑类型,板楼,房屋朝向,南 北,建筑结构,混合结构,装修情况,简装,梯户比例,一梯三户,供暖方式,集中供暖
所在区域,金州区,房屋总价,108,房屋户型,3室1厅1卫,所在楼层,低楼层 (共26层),建筑面积,108.22O,户型结构,平层,建筑类型,板楼,房屋朝向,东 南 北,建筑结构,钢混结构,装修情况,其他,梯户比例,两梯五户,供暖方式,集中供暖,配备电梯,有
所在区域,金州区,房屋总价,58,房屋户型,2室1厅1卫,所在楼层,低楼层 (共6层),建筑面积,52.55O,户型结构,平层,建筑类型,板楼,房屋朝向,南 北,建筑结构,钢混结构,装修情况,其他,梯户比例,一梯三户,供暖方式,集中供暖
所在区域,金州区,房屋总价,69.8,房屋户型,2室2厅1卫,所在楼层,高楼层 (共6层),建筑面积,81O,户型结构,平层,建筑类型,板楼,房屋朝向,南 北,建筑结构,钢混结构,装修情况,简装,梯户比例,一梯三户,供暖方式,集中供暖
所在区域,金州区,房屋总价,74.5,房屋户型,2室1厅1卫,所在楼层,中楼层 (共31层),建筑面积,76.84O,户型结构,平层,建筑类型,板楼,房屋朝向,南,建筑结构,钢混结构,装修情况,简装,梯户比例,两梯五户,供暖方式,集中供暖,配备电梯,有
所在区域,金州区,房屋总价,62,房屋户型,1室1厅1卫,所在楼层,中楼层 (共30层),建筑面积,60.66O,户型结构,平层,建筑类型,板楼,房屋朝向,南,建筑结构,框架结构,装修情况,其他,梯户比例,两梯四户,供暖方式,集中供暖,配备电梯,有
所在区域,金州区,房屋总价,103,房屋户型,2室1厅1卫,所在楼层,高楼层 (共30层),建筑面积,66.85O,户型结构,平层,建筑类型,板楼,房屋朝向,南 北,建筑结构,钢混结构,装修情况,精装,梯户比例,一梯四户,供暖方式,集中供暖,配备电梯,有
所在区域,金州区,房屋总价,49.8,房屋户型,3室1厅1卫,所在楼层,高楼层 (共7层),建筑面积,76.9O,户型结构,平层,建筑类型,板楼,房屋朝向,南 北,建筑结构,框架结构,装修情况,简装,梯户比例,两梯四户,供暖方式,集中供暖,配备电梯,有
所在区域,金州区,房屋总价,32,房屋户型,2室1厅1卫,所在楼层,高楼层 (共5层),建筑面积,69.59O,户型结构,平层,建筑类型,板楼,房屋朝向,南,建筑结构,砖混结构,装修情况,其他,梯户比例,一梯一户,供暖方式,集中供暖
所在区域,金州区,房屋总价,38,房屋户型,1室1厅1卫,所在楼层,低楼层 (共6层),建筑面积,40O,户型结构,平层,建筑类型,板楼,房屋朝向,南,建筑结构,砖混结构,装修情况,其他,梯户比例,一梯四户,供暖方式,集中供暖
所在区域,金州区,房屋总价,41,房屋户型,2室1厅1卫,所在楼层,低楼层 (共6层),建筑面积,55.5O,户型结构,平层,建筑类型,板楼,房屋朝向,南,建筑结构,框架结构,装修情况,简装,梯户比例,一梯三户,供暖方式,集中供暖
所在区域,金州区,房屋总价,91.8,房屋户型,2室2厅1卫,所在楼层,低楼层 (共6层),建筑面积,81O,户型结构,平层,建筑类型,板楼,房屋朝向,南 北,建筑结构,砖混结构,装修情况,简装,梯户比例,一梯两户,供暖方式,集中供暖
所在区域,金州区,房屋总价,59,房屋户型,2室1厅1卫,所在楼层,高楼层 (共6层),建筑面积,57.11O,户型结构,平层,套内面积,51O,建筑类型,板楼,房屋朝向,南 北,建筑结构,钢混结构,装修情况,毛坯,梯户比例,一梯三户,供暖方式,集中供暖
所在区域,金州区,房屋总价,48,房屋户型,2室1厅1卫,所在楼层,低楼层 (共5层),建筑面积,43O,户型结构,平层,建筑类型,板楼,房屋朝向,南,建筑结构,混合结构,装修情况,简装,梯户比例,一梯三户,供暖方式,集中供暖
所在区域,金州区,房屋总价,145.28,房屋户型,3室2厅2卫,所在楼层,中楼层 (共5层),建筑面积,145.28O,户型结构,平层,建筑类型,暂无数据,房屋朝向,南 北,建筑结构,钢混结构,装修情况,毛坯,梯户比例,一梯两户,供暖方式,集中供暖,配备电梯,有
所在区域,金州区,房屋总价,86.5,房屋户型,2室1厅1卫,所在楼层,中楼层 (共18层),建筑面积,82.8O,户型结构,平层,建筑类型,板塔结合,房屋朝向,南 北,建筑结构,钢混结构,装修情况,精装,梯户比例,一梯四户,供暖方式,集中供暖,配备电梯,有
所在区域,金州区,房屋总价,57.8,房屋户型,1室1厅1卫,所在楼层,中楼层 (共25层),建筑面积,60.28O,户型结构,平层,建筑类型,板楼,房屋朝向,南,建筑结构,钢混结构,装修情况,毛坯,梯户比例,两梯四户,供暖方式,集中供暖,配备电梯,有
所在区域,金州区,房屋总价,96,房屋户型,2室1厅1卫,所在楼层,高楼层 (共34层),建筑面积,80.48O,户型结构,平层,建筑类型,板楼,房屋朝向,南,建筑结构,钢混结构,装修情况,精装,梯户比例,两梯四户,供暖方式,集中供暖,配备电梯,有
所在区域,金州区,房屋总价,222.78,房屋户型,3室2厅2卫,所在楼层,低楼层 (共5层),建筑面积,222.78O,户型结构,平层,建筑类型,暂无数据,房屋朝向,南 北,建筑结构,钢混结构,装修情况,毛坯,梯户比例,一梯两户,供暖方式,集中供暖,配备电梯,有
所在区域,金州区,房屋总价,154.5,房屋户型,3室2厅2卫,所在楼层,中楼层 (共27层),建筑面积,122.17O,户型结构,平层,建筑类型,板楼,房屋朝向,南 北,建筑结构,框架结构,装修情况,毛坯,梯户比例,一梯两户,供暖方式,集中供暖
所在区域,金州区,房屋总价,91,房屋户型,2室1厅1卫,所在楼层,中楼层 (共27层),建筑面积,80.38O,户型结构,平层,建筑类型,板楼,房屋朝向,南 北,建筑结构,钢混结构,装修情况,简装,梯户比例,一梯六户,供暖方式,集中供暖,配备电梯,有
所在区域,金州区,房屋总价,199,房屋户型,3室1厅2卫,所在楼层,中楼层 (共5层),建筑面积,171.73O,户型结构,平层,建筑类型,暂无数据,房屋朝向,南 北,建筑结构,未知结构,装修情况,精装,梯户比例,两梯两户,配备电梯,有
所在区域,金州区,房屋总价,55,房屋户型,2室1厅1卫,所在楼层,高楼层 (共6层),建筑面积,78O,户型结构,平层,建筑类型,板楼,房屋朝向,南,建筑结构,框架结构,装修情况,简装,梯户比例,一梯两户,供暖方式,集中供暖
所在区域,金州区,房屋总价,109,房屋户型,2室1厅1卫,所在楼层,高楼层 (共6层),建筑面积,89.09O,户型结构,平层,建筑类型,板楼,房屋朝向,南 北,建筑结构,框架结构,装修情况,其他,梯户比例,两梯两户,供暖方式,集中供暖,配备电梯,有
所在区域,金州区,房屋总价,60,房屋户型,2室1厅1卫,所在楼层,中楼层 (共6层),建筑面积,71.1O,户型结构,平层,建筑类型,板楼,房屋朝向,南 北,建筑结构,钢混结构,装修情况,简装,梯户比例,一梯三户,供暖方式,集中供暖
所在区域,金州区,房屋总价,102,房屋户型,2室2厅1卫,所在楼层,低楼层 (共7层),建筑面积,77.82O,户型结构,平层,建筑类型,板楼,房屋朝向,南 北,建筑结构,框架结构,装修情况,精装,梯户比例,一梯两户,供暖方式,集中供暖
所在区域,金州区,房屋总价,63.8,房屋户型,2室1厅1卫,所在楼层,高楼层 (共6层),建筑面积,50O,户型结构,平层,套内面积,50O,建筑类型,暂无数据,房屋朝向,南,建筑结构,未知结构,装修情况,其他,梯户比例,一梯三户
所在区域,金州区,房屋总价,145,房屋户型,2室2厅1卫,所在楼层,中楼层 (共4层),建筑面积,89.31O,户型结构,平层,建筑类型,暂无数据,房屋朝向,南 北,建筑结构,框架结构,装修情况,精装,梯户比例,一梯一户
所在区域,金州区,房屋总价,205,房屋户型,3室2厅2卫,所在楼层,中楼层 (共9层),建筑面积,132.8O,户型结构,平层,建筑类型,板楼,房屋朝向,南 北,建筑结构,框架结构,装修情况,精装,梯户比例,一梯两户,供暖方式,集中供暖,配备电梯,有
所在区域,金州区,房屋总价,47.8,房屋户型,2室1厅1卫,所在楼层,低楼层 (共6层),建筑面积,75.58O,户型结构,平层,建筑类型,板楼,房屋朝向,南,建筑结构,钢混结构,装修情况,精装,梯户比例,一梯三户,供暖方式,集中供暖
所在区域,金州区,房屋总价,83.8,房屋户型,2室2厅1卫,所在楼层,低楼层 (共8层),建筑面积,77O,户型结构,平层,建筑类型,板楼,房屋朝向,南,建筑结构,钢混结构,装修情况,简装,梯户比例,一梯三户,供暖方式,集中供暖
所在区域,金州区,房屋总价,63,房屋户型,2室1厅1卫,所在楼层,中楼层 (共6层),建筑面积,51O,户型结构,平层,建筑类型,板楼,房屋朝向,南 北,建筑结构,混合结构,装修情况,简装,梯户比例,一梯三户,供暖方式,集中供暖
所在区域,金州区,房屋总价,73.4,房屋户型,2室1厅1卫,所在楼层,低楼层 (共6层),建筑面积,70.05O,户型结构,平层,套内面积,70.05O,建筑类型,板楼,房屋朝向,南 北,建筑结构,钢混结构,装修情况,精装,梯户比例,一梯三户,供暖方式,集中供暖
所在区域,金州区,房屋总价,75,房屋户型,2室1厅1卫,所在楼层,中楼层 (共6层),建筑面积,73.72O,户型结构,平层,建筑类型,板楼,房屋朝向,南 北,建筑结构,钢混结构,装修情况,简装,梯户比例,一梯三户,供暖方式,集中供暖
所在区域,金州区,房屋总价,27,房屋户型,1室1厅1卫,所在楼层,低楼层 (共30层),建筑面积,36.93O,户型结构,平层,建筑类型,板楼,房屋朝向,北,建筑结构,钢混结构,装修情况,简装,梯户比例,两梯五户,供暖方式,集中供暖,配备电梯,有
所在区域,金州区,房屋总价,84.3,房屋户型,2室2厅1卫,所在楼层,中楼层 (共6层),建筑面积,77.16O,户型结构,平层,建筑类型,板楼,房屋朝向,南 北,建筑结构,钢混结构,装修情况,毛坯,梯户比例,一梯三户,供暖方式,集中供暖
所在区域,金州区,房屋总价,29,房屋户型,1室0厅1卫,所在楼层,中楼层 (共25层),建筑面积,33.61O,户型结构,平层,建筑类型,塔楼,房屋朝向,南,建筑结构,框架结构,装修情况,简装,梯户比例,两梯十五户,供暖方式,集中供暖,配备电梯,有
所在区域,金州区,房屋总价,80,房屋户型,2室2厅1卫,所在楼层,高楼层 (共31层),建筑面积,80.45O,户型结构,平层,建筑类型,塔楼,房屋朝向,东南,建筑结构,框架结构,装修情况,精装,梯户比例,两梯九户,供暖方式,集中供暖,配备电梯,有
所在区域,金州区,房屋总价,54.8,房屋户型,1室1厅1卫,所在楼层,中楼层 (共6层),建筑面积,40.3O,户型结构,平层,套内面积,38O,建筑类型,板楼,房屋朝向,南,建筑结构,钢混结构,装修情况,简装,梯户比例,一梯四户,供暖方式,集中供暖
所在区域,金州区,房屋总价,69.5,房屋户型,2室1厅1卫,所在楼层,高楼层 (共6层),建筑面积,83.5O,户型结构,平层,套内面积,78O,建筑类型,板楼,房屋朝向,南 北,建筑结构,混合结构,装修情况,简装,梯户比例,一梯两户,供暖方式,集中供暖
所在区域,金州区,房屋总价,120,房屋户型,2室1厅1卫,所在楼层,低楼层 (共6层),建筑面积,87.9O,户型结构,平层,建筑类型,板楼,房屋朝向,南 北,建筑结构,钢混结构,装修情况,精装,梯户比例,一梯两户,供暖方式,集中供暖
所在区域,金州区,房屋总价,43,房屋户型,2室1厅1卫,所在楼层,中楼层 (共19层),建筑面积,47.51O,户型结构,平层,建筑类型,板楼,房屋朝向,南,建筑结构,钢混结构,装修情况,精装,梯户比例,一梯四户,供暖方式,集中供暖,配备电梯,有
所在区域,金州区,房屋总价,50,房屋户型,1室1厅1卫,所在楼层,低楼层 (共34层),建筑面积,49.68O,户型结构,平层,建筑类型,板塔结合,房屋朝向,南,建筑结构,钢混结构,装修情况,精装,梯户比例,两梯六户,供暖方式,集中供暖,配备电梯,有
所在区域,金州区,房屋总价,64,房屋户型,1室1厅1卫,所在楼层,低楼层 (共8层),建筑面积,48.7O,户型结构,平层,建筑类型,板楼,房屋朝向,南,建筑结构,砖混结构,装修情况,简装,梯户比例,一梯三户,供暖方式,集中供暖
所在区域,金州区,房屋总价,98,房屋户型,2室1厅1卫,所在楼层,中楼层 (共34层),建筑面积,80.52O,户型结构,平层,建筑类型,板楼,房屋朝向,南,建筑结构,钢混结构,装修情况,精装,梯户比例,两梯四户,供暖方式,集中供暖,配备电梯,有
所在区域,金州区,房屋总价,68,房屋户型,2室1厅1卫,所在楼层,高楼层 (共6层),建筑面积,59O,户型结构,平层,建筑类型,板楼,房屋朝向,南 北,建筑结构,砖混结构,装修情况,简装,梯户比例,一梯三户,供暖方式,集中供暖
所在区域,金州区,房屋总价,130,房屋户型,2室1厅1卫,所在楼层,中楼层 (共5层),建筑面积,96.79O,户型结构,平层,建筑类型,板楼,房屋朝向,南 北,建筑结构,钢混结构,装修情况,精装,梯户比例,一梯两户,供暖方式,集中供暖
所在区域,金州区,房屋总价,43,房屋户型,1室1厅1卫,所在楼层,高楼层 (共15层),建筑面积,50.48O,户型结构,平层,建筑类型,板楼,房屋朝向,南,建筑结构,钢混结构,装修情况,其他,梯户比例,一梯四户,供暖方式,集中供暖,配备电梯,有
所在区域,金州区,房屋总价,28,房屋户型,1室0厅1卫,所在楼层,低楼层 (共24层),建筑面积,41.5O,户型结构,平层,套内面积,41O,建筑类型,板楼,房屋朝向,北,建筑结构,钢混结构,装修情况,简装,梯户比例,两梯六户,供暖方式,集中供暖,配备电梯,有
所在区域,金州区,房屋总价,135,房屋户型,3室1厅1卫,所在楼层,高楼层 (共30层),建筑面积,89.99O,户型结构,平层,套内面积,89O,建筑类型,板楼,房屋朝向,南 北,建筑结构,钢混结构,装修情况,精装,梯户比例,一梯四户,供暖方式,集中供暖,配备电梯,有
所在区域,金州区,房屋总价,80,房屋户型,2室1厅1卫,所在楼层,中楼层 (共12层),建筑面积,78.88O,户型结构,平层,建筑类型,板楼,房屋朝向,南 北,建筑结构,钢混结构,装修情况,其他,梯户比例,一梯四户,供暖方式,集中供暖,配备电梯,有
所在区域,金州区,房屋总价,138,房屋户型,3室2厅2卫,所在楼层,中楼层 (共34层),建筑面积,107.45O,户型结构,平层,建筑类型,板楼,房屋朝向,南 北,建筑结构,钢混结构,装修情况,精装,梯户比例,一梯两户,供暖方式,集中供暖,配备电梯,有
所在区域,金州区,房屋总价,94,房屋户型,2室2厅1卫,所在楼层,中楼层 (共32层),建筑面积,89.29O,户型结构,平层,建筑类型,板楼,房屋朝向,西南,建筑结构,钢混结构,装修情况,精装,梯户比例,两梯六户,供暖方式,集中供暖,配备电梯,有
所在区域,金州区,房屋总价,56,房屋户型,2室1厅1卫,所在楼层,低楼层 (共11层),建筑面积,61.64O,户型结构,平层,建筑类型,板楼,房屋朝向,东北,建筑结构,钢混结构,装修情况,精装,梯户比例,一梯三户,供暖方式,集中供暖,配备电梯,有
所在区域,金州区,房屋总价,60,房屋户型,2室1厅1卫,所在楼层,中楼层 (共6层),建筑面积,50O,户型结构,平层,建筑类型,板楼,房屋朝向,北 南,建筑结构,砖混结构,装修情况,简装,梯户比例,一梯三户,供暖方式,集中供暖
所在区域,金州区,房屋总价,44.8,房屋户型,2室1厅1卫,所在楼层,高楼层 (共6层),建筑面积,56O,户型结构,平层,建筑类型,板楼,房屋朝向,南 北,建筑结构,钢混结构,装修情况,简装,梯户比例,一梯三户,供暖方式,集中供暖
所在区域,金州区,房屋总价,128,房屋户型,3室2厅1卫,所在楼层,高楼层 (共4层),建筑面积,88O,户型结构,平层,建筑类型,暂无数据,房屋朝向,南 北,建筑结构,未知结构,装修情况,精装,梯户比例,一梯一户
所在区域,金州区,房屋总价,53,房屋户型,2室1厅1卫,所在楼层,低楼层 (共7层),建筑面积,65O,户型结构,平层,建筑类型,板楼,房屋朝向,南 北,建筑结构,钢混结构,装修情况,简装,梯户比例,一梯三户,供暖方式,集中供暖
所在区域,金州区,房屋总价,83.5,房屋户型,2室1厅1卫,所在楼层,高楼层 (共18层),建筑面积,89.59O,户型结构,平层,建筑类型,板楼,房屋朝向,东南,建筑结构,钢混结构,装修情况,精装,梯户比例,两梯八户,供暖方式,集中供暖,配备电梯,有
所在区域,金州区,房屋总价,68,房屋户型,2室1厅1卫,所在楼层,中楼层 (共7层),建筑面积,56O,户型结构,平层,建筑类型,板楼,房屋朝向,南 北,建筑结构,砖混结构,装修情况,简装,梯户比例,一梯三户,供暖方式,集中供暖
所在区域,金州区,房屋总价,32,房屋户型,2室1厅1卫,所在楼层,高楼层 (共7层),建筑面积,47.76O,户型结构,平层,建筑类型,板楼,房屋朝向,南,建筑结构,钢混结构,装修情况,其他,梯户比例,一梯四户,供暖方式,集中供暖
所在区域,金州区,房屋总价,34,房屋户型,1室1厅1卫,所在楼层,低楼层 (共28层),建筑面积,46.96O,户型结构,平层,建筑类型,板楼,房屋朝向,南 西,建筑结构,钢混结构,装修情况,毛坯,梯户比例,两梯十户,供暖方式,集中供暖,配备电梯,有
所在区域,金州区,房屋总价,122,房屋户型,2室2厅1卫,所在楼层,低楼层 (共11层),建筑面积,93.2O,户型结构,平层,建筑类型,板楼,房屋朝向,南 北,建筑结构,框架结构,装修情况,精装,梯户比例,一梯两户,供暖方式,集中供暖,配备电梯,有
